"","id","upd","term_id","lang","part_speech","gender","term","source","description","wiki","email","pages"
"1","1",NA,"13459","la",NA,NA,"neuron corbiforme",NA,NA,NA,NA,NA
"2","2",NA,"13602","la",NA,NA,"pars peripherica",NA,NA,NA,NA,NA
"3","3",NA,"10738","la",NA,NA,"adipocytus",NA,NA,NA,NA,NA
"4","4",NA,"13335","la",NA,NA,"arachnoidea mater",NA,NA,NA,NA,NA
"5","5",NA,"11222","la",NA,NA,"telodendron",NA,NA,NA,NA,NA
"6","6",NA,"12356","la",NA,NA,"a. interlobaris",NA,NA,NA,NA,NA
"7","7",NA,"11346","la",NA,NA,"astrocytus",NA,NA,NA,NA,NA
"8","8",NA,"12946","la",NA,NA,"astrocytus",NA,NA,NA,NA,NA
"9","9",NA,"11350","la",NA,NA,"astrocytus fibrosus",NA,NA,NA,NA,NA
"10","10",NA,"11348","la",NA,NA,"astrocytus protoplasmicus",NA,NA,NA,NA,NA
"11","11",NA,"11197","la",NA,NA,"axolemma",NA,NA,NA,NA,NA
"12","12",NA,"11194","la",NA,NA,"axolemma",NA,NA,NA,NA,NA
"13","13",NA,"11214","la",NA,NA,"axon",NA,NA,NA,NA,NA
"14","14",NA,"13312","la",NA,NA,"claustrum hematoencephalicum",NA,NA,NA,NA,NA
"15","15",NA,"11515","la",NA,NA,"cavitas oris",NA,NA,NA,NA,NA
"16","16",NA,"10003","la",NA,NA,"cellula",NA,NA,NA,NA,NA
"17","17",NA,"13410","la",NA,NA,"neuron corbiforme",NA,NA,NA,NA,NA
"18","18",NA,"10610","la",NA,NA,"endotheliocytus",NA,NA,NA,NA,NA
"19","19",NA,"11339","la",NA,NA,"ependymocytus",NA,NA,NA,NA,NA
"20","20",NA,"12922","la",NA,NA,"ependymocytus",NA,NA,NA,NA,NA
"21","21",NA,"10576","la",NA,NA,"epitheliocytus",NA,NA,NA,NA,NA
"22","22",NA,"10048","la",NA,NA,"cellula gigantea",NA,NA,NA,NA,NA
"23","23",NA,"11308","la",NA,NA,"gliocytus",NA,NA,NA,NA,NA
"24","24",NA,"10052","la",NA,NA,"cellula pyramidalis",NA,NA,NA,NA,NA
"25","25",NA,"13503","la",NA,NA,"neuron pyramidale",NA,NA,NA,NA,NA
"26","26",NA,"10032","la",NA,NA,"cellula primordialis",NA,NA,NA,NA,NA
"27","27",NA,"10036","la",NA,NA,"cellula progenetrix",NA,NA,NA,NA,NA
"28","28",NA,"13405","la",NA,NA,"neuron purkinjense",NA,NA,NA,NA,NA
"29","29",NA,"14058","la",NA,NA,"gliocytus ganglionicus",NA,NA,NA,NA,NA
"30","30",NA,"11367","la",NA,NA,"gliocytus ganglionaris",NA,NA,NA,NA,NA
"31","31",NA,"11370","la",NA,NA,"schwannocytus",NA,NA,NA,NA,NA
"32","32",NA,"10406","la",NA,NA,"centriolum",NA,NA,NA,NA,NA
"33","33",NA,"10218","la",NA,NA,"centriolum",NA,NA,NA,NA,NA
"34","34",NA,"13389","la",NA,NA,"cerebellum",NA,NA,NA,NA,NA
"35","35",NA,"1024900","la",NA,NA,"cisterna",NA,NA,NA,NA,NA
"36","36",NA,"10006","la",NA,NA,"cytoplasma",NA,NA,NA,NA,NA
"37","37",NA,"10353","la",NA,NA,"cytoskeleton",NA,NA,NA,NA,NA
"38","38",NA,"13663","la",NA,NA,"corpusculum lamellosum",NA,NA,NA,NA,NA
"39","39",NA,"13391","la",NA,NA,"cortex cerebelli",NA,NA,NA,NA,NA
"40","40",NA,"13436","la",NA,NA,"cortex cerebri",NA,NA,NA,NA,NA
"41","41",NA,"14080","la",NA,NA,"macula adhaerens",NA,NA,NA,NA,NA
"42","42",NA,"11653","la",NA,NA,"dens",NA,NA,NA,NA,NA
"43","43",NA,"13326","la",NA,NA,"pachymeninx",NA,NA,NA,NA,NA
"44","44",NA,"12916","la",NA,NA,"eminentia mediana",NA,NA,NA,NA,NA
"45","45",NA,"13611","la",NA,NA,"endoneurium",NA,NA,NA,NA,NA
"46","46",NA,"10607","la",NA,NA,"endothelium",NA,NA,NA,NA,NA
"47","47",NA,"10980","la",NA,NA,"granulocytus acidophilus",NA,NA,NA,NA,NA
"48","48",NA,"13615","la",NA,NA,"epineurium",NA,NA,NA,NA,NA
"49","49",NA,"10606","la",NA,NA,"epithelium simplex squamosum",NA,NA,NA,NA,NA
"50","50",NA,"11874","la",NA,NA,"oesophagus",NA,NA,NA,NA,NA
"51","51",NA,"10762","la",NA,NA,"fasciculus collageni",NA,NA,NA,NA,NA
"52","52",NA,"10763","la",NA,NA,"fibra collageni",NA,NA,NA,NA,NA
"53","53",NA,"10769","la",NA,NA,"fibra elastica",NA,NA,NA,NA,NA
"54","54",NA,"11210","la",NA,NA,"neurofibra afferens",NA,NA,NA,NA,NA
"55","55",NA,"12924","la",NA,NA,"neurofibra non myelinata",NA,NA,NA,NA,NA
"56","56",NA,"12948","la",NA,NA,"neurofibra non myelinata",NA,NA,NA,NA,NA
"57","57",NA,"11211","la",NA,NA,"neurofibra efferens",NA,NA,NA,NA,NA
"58","58",NA,"10735","la",NA,NA,"fibroblastus",NA,NA,NA,NA,NA
"59","59",NA,"12831","la",NA,NA,"fibroblastus",NA,NA,NA,NA,NA
"60","60",NA,"12000","la",NA,NA,"hepar",NA,NA,NA,NA,NA
"61","61",NA,"10365","la",NA,NA,"microfilamentum",NA,NA,NA,NA,NA
"62","62",NA,"13672","la",NA,NA,"fusus neuromuscularis",NA,NA,NA,NA,NA
"63","63",NA,"13618","la",NA,NA,"ganglion",NA,NA,NA,NA,NA
"64","64",NA,"13626","la",NA,NA,"ganglion autonomicum",NA,NA,NA,NA,NA
"65","65",NA,"12944","la",NA,NA,"glandula pinealis",NA,NA,NA,NA,NA
"66","66",NA,"12914","la",NA,NA,"infundibulum",NA,NA,NA,NA,NA
"67","67",NA,"10129","la",NA,NA,"nexus",NA,NA,NA,NA,NA
"68","68",NA,"10112","la",NA,NA,"junctio occludens",NA,NA,NA,NA,NA
"69","69",NA,"12628","la",NA,NA,"zonula occludens",NA,NA,NA,NA,NA
"70","70",NA,"11766","la",NA,NA,"lingua",NA,NA,NA,NA,NA
"71","71",NA,"10957","la",NA,NA,"lymphocytus",NA,NA,NA,NA,NA
"72","72",NA,"10742","la",NA,NA,"macrophagocytus",NA,NA,NA,NA,NA
"73","73",NA,"13368","la",NA,NA,"medulla spinalis",NA,NA,NA,NA,NA
"74","74",NA,"10747","la",NA,NA,"mastocytus",NA,NA,NA,NA,NA
"75","75",NA,"10754","la",NA,NA,"matrix extracellularis",NA,NA,NA,NA,NA
"76","76",NA,"10753","la",NA,NA,"melanocytus",NA,NA,NA,NA,NA
"77","77",NA,"13746","la",NA,NA,"melanocytus",NA,NA,NA,NA,NA
"78","78",NA,"14091","la",NA,NA,"melanocytus",NA,NA,NA,NA,NA
"79","79",NA,"14146","la",NA,NA,"melanocytus follicularis",NA,NA,NA,NA,NA
"80","80",NA,"10532","la",NA,NA,"membrana basalis",NA,NA,NA,NA,NA
"81","81",NA,"13325","la",NA,NA,"meninges",NA,NA,NA,NA,NA
"82","82",NA,"11378","la",NA,NA,"mesaxon",NA,NA,NA,NA,NA
"83","83",NA,"10354","la",NA,NA,"microtubulus",NA,NA,NA,NA,NA
"84","84",NA,"10078","la",NA,NA,"microvillus",NA,NA,NA,NA,NA
"85","85",NA,"10223","la",NA,NA,"mitochondrion",NA,NA,NA,NA,NA
"86","86",NA,"10970","la",NA,NA,"monocytus",NA,NA,NA,NA,NA
"87","87",NA,"11881","la",NA,NA,"lamina muscularis mucosae",NA,NA,NA,NA,NA
"88","88",NA,"11913","la",NA,NA,"lamina muscularis mucosae",NA,NA,NA,NA,NA
"89","89",NA,"11941","la",NA,NA,"lamina muscularis mucosae",NA,NA,NA,NA,NA
"90","90",NA,"11968","la",NA,NA,"lamina muscularis mucosae",NA,NA,NA,NA,NA
"91","91",NA,"13603","la",NA,NA,"nervus",NA,NA,NA,NA,NA
"92","92",NA,"11201","la",NA,NA,"neurofibrilla",NA,NA,NA,NA,NA
"93","93",NA,"10249","la",NA,NA,"neurofilamentum",NA,NA,NA,NA,NA
"94","94",NA,"11195","la",NA,NA,"neuron",NA,NA,NA,NA,NA
"95","95",NA,"11249","la",NA,NA,"neuron bipolare",NA,NA,NA,NA,NA
"96","96",NA,"11254","la",NA,NA,"motoneuron",NA,NA,NA,NA,NA
"97","97",NA,"11250","la",NA,NA,"neuron multipolare",NA,NA,NA,NA,NA
"98","98",NA,"11310","la",NA,NA,"neurotransmittens",NA,NA,NA,NA,NA
"99","99",NA,"10973","la",NA,NA,"granulocytus neutrophilus",NA,NA,NA,NA,NA
"100","100",NA,"10205","la",NA,NA,"nucleolus",NA,NA,NA,NA,NA
"101","101",NA,"10005","la",NA,NA,"nucleus",NA,NA,NA,NA,NA
"102","102",NA,"11714","la",NA,NA,"dentinoblastus",NA,NA,NA,NA,NA
"103","103",NA,"11357","la",NA,NA,"oligodendrocytus",NA,NA,NA,NA,NA
"104","104",NA,"11546","la",NA,NA,"palatum",NA,NA,NA,NA,NA
"105","105",NA,"12061","la",NA,NA,"pancreas",NA,NA,NA,NA,NA
"106","106",NA,"10529","la",NA,NA,"parenchyma",NA,NA,NA,NA,NA
"107","107",NA,"11198","la",NA,NA,"perikaryon",NA,NA,NA,NA,NA
"108","108",NA,"13109","la",NA,NA,"pericytus",NA,NA,NA,NA,NA
"109","109",NA,"13612","la",NA,NA,"perineurium",NA,NA,NA,NA,NA
"110","110",NA,"10863","la",NA,NA,"periosteum",NA,NA,NA,NA,NA
"111","111",NA,"13354","la",NA,NA,"pia mater",NA,NA,NA,NA,NA
"112","112",NA,"10310","la",NA,NA,"pinocytosis",NA,NA,NA,NA,NA
"113","113",NA,"11000","la",NA,NA,"plasma",NA,NA,NA,NA,NA
"114","114",NA,"10017","la",NA,NA,"plasmalemma",NA,NA,NA,NA,NA
"115","115",NA,"13361","la",NA,NA,"plexus choroideus",NA,NA,NA,NA,NA
"116","116",NA,"10263","la",NA,NA,"polyribosoma",NA,NA,NA,NA,NA
"117","117",NA,"11282","la",NA,NA,"receptor",NA,NA,NA,NA,NA
"118","118",NA,"10244","la",NA,NA,"reticulum endoplasmicum",NA,NA,NA,NA,NA
"119","119",NA,"10256","la",NA,NA,"reticulum endoplasmicum non granulosum",NA,NA,NA,NA,NA
"120","120",NA,"10254","la",NA,NA,"reticulum endoplasmicum granulosum",NA,NA,NA,NA,NA
"121","121",NA,"11300","la",NA,NA,"synapsis",NA,NA,NA,NA,NA
"122","122",NA,"11272","la",NA,NA,"synapsis axodendritica",NA,NA,NA,NA,NA
"123","123",NA,"11276","la",NA,NA,"synapsis axosomatica",NA,NA,NA,NA,NA
"124","124",NA,"13306","la",NA,NA,"systema nervosum",NA,NA,NA,NA,NA
"125","125",NA,"13307","la",NA,NA,"pars centralis",NA,NA,NA,NA,NA
"126","126",NA,"12089","la",NA,NA,"systema respiratorium",NA,NA,NA,NA,NA
"127","127",NA,"12233","la",NA,NA,"systema urinarium",NA,NA,NA,NA,NA
"128","128",NA,"13337","la",NA,NA,"spatium subarachnoideum",NA,NA,NA,NA,NA
"129","129",NA,"11235","la",NA,NA,"gemmula dendritica",NA,NA,NA,NA,NA
"130","130",NA,"11390","la",NA,NA,"nodus interruptionis myelini",NA,NA,NA,NA,NA
"131","131",NA,"13392","la",NA,NA,"stratum granulosum",NA,NA,NA,NA,NA
"132","132",NA,"13406","la",NA,NA,"stratum moleculare",NA,NA,NA,NA,NA
"133","133",NA,"10530","la",NA,NA,"stroma",NA,NA,NA,NA,NA
"134","134",NA,"13309","la",NA,NA,"substantia alba",NA,NA,NA,NA,NA
"135","135",NA,"13308","la",NA,NA,"substantia grisea",NA,NA,NA,NA,NA
"136","136",NA,"11382","la",NA,NA,"stratum myelini",NA,NA,NA,NA,NA
"137","137",NA,"14090","la",NA,NA,"terminatio neuralis",NA,NA,NA,NA,NA
"138","138",NA,"11269","la",NA,NA,"terminationes neurales",NA,NA,NA,NA,NA
"139","139",NA,"10800","la",NA,NA,"textus adiposus",NA,NA,NA,NA,NA
"140","140",NA,"10785","la",NA,NA,"textus connectivus compactus",NA,NA,NA,NA,NA
"141","141",NA,"11720","la",NA,NA,"textus connectivus compactus",NA,NA,NA,NA,NA
"142","142",NA,"10784","la",NA,NA,"textus connectivus laxus",NA,NA,NA,NA,NA
"143","143",NA,"12721","la",NA,NA,"textus muscularis levis",NA,NA,NA,NA,NA
"144","144",NA,"11193","la",NA,NA,"textus nervosus",NA,NA,NA,NA,NA
"145","145",NA,"10839","la",NA,NA,"textus osseus",NA,NA,NA,NA,NA
"146","146",NA,"10317","la",NA,NA,"vesicula pinocytotica",NA,NA,NA,NA,NA
"147","147",NA,"13342","la",NA,NA,"villus arachnoideus",NA,NA,NA,NA,NA
"148","148",NA,"10120","la",NA,NA,"desmosoma",NA,NA,NA,NA,NA
"149","149",NA,"10228","la",NA,NA,"myofilamentum tenue",NA,NA,NA,NA,NA
"150","150",NA,"10571","la",NA,NA,"myofilamentum tenue",NA,NA,NA,NA,NA
"151","151",NA,"11168","la",NA,NA,"macula adhaerens",NA,NA,NA,NA,NA
"152","152",NA,"12213","la",NA,NA,"fibra collageni",NA,NA,NA,NA,NA
"153","153",NA,"10570","la",NA,NA,"nexus",NA,NA,NA,NA,NA
"154","154",NA,"10817","la",NA,NA,"fibra collageni",NA,NA,NA,NA,NA
"155","155",NA,"11725","la",NA,NA,"ligamentum periodontale",NA,NA,NA,NA,NA
"156","156",NA,"12945","la",NA,NA,"pinealocytus",NA,NA,NA,NA,NA
"157","157",NA,"12967","la",NA,NA,"parathyrocytus endocrinus lucidus",NA,NA,NA,NA,NA
"158","158",NA,"12969","la",NA,NA,"parathyrocytus oxyphilicus",NA,NA,NA,NA,NA
"159","159",NA,"13290","la",NA,NA,"nodulus lymphoideus splenicus",NA,NA,NA,NA,NA
"160","160",NA,"13494","la",NA,NA,"neuron corbiforme",NA,NA,NA,NA,NA
"161","161",NA,"11083","la",NA,NA,"myocytus",NA,NA,NA,NA,NA
"162","162",NA,"11299","la",NA,NA,"neuroglia",NA,NA,NA,NA,NA
"163","163",NA,"13376","la",NA,NA,"encephalon",NA,NA,NA,NA,NA
"164","164",NA,"11204","la",NA,NA,"neurofibra",NA,NA,NA,NA,NA
"165","165",NA,"13620","la",NA,NA,"ganglion sensorium",NA,NA,NA,NA,NA
"166","166",NA,"11602","la",NA,NA,"glandulae salivariae",NA,NA,NA,NA,NA
"167","167",NA,"10344","la",NA,NA,"granulum glycogeni",NA,NA,NA,NA,NA
"168","168",NA,"11389","la",NA,NA,"incisura myelini",NA,NA,NA,NA,NA
"169","169",NA,"13313","la",NA,NA,"claustrum hematoliquorosum",NA,NA,NA,NA,NA
"170","170",NA,"13694","la",NA,NA,"melanocytus",NA,NA,NA,NA,NA
"171","171",NA,"11209","la",NA,NA,"neurofibra sensoria",NA,NA,NA,NA,NA
"172","172",NA,"11260","la",NA,NA,"interneuron",NA,NA,NA,NA,NA
"173","173",NA,"12414","la",NA,NA,"systemata genitalia",NA,NA,NA,NA,NA
"174","174",NA,"13610","la",NA,NA,"plexus neuralis autonomicus",NA,NA,NA,NA,NA
"175","175",NA,"11821","la",NA,NA,"canalis digestorius",NA,NA,NA,NA,NA
"176","176",NA,"12983","la",NA,NA,"medulla",NA,NA,NA,NA,NA
"177","177",NA,"12450","la",NA,NA,"antrum folliculare",NA,NA,NA,NA,NA
"178","178",NA,"12462","la",NA,NA,"stigma folliculare",NA,NA,NA,NA,NA
"179","179",NA,"12485","la",NA,NA,"corpus polare primum",NA,NA,NA,NA,NA
"180","180",NA,"12808","la",NA,NA,"stroma",NA,NA,NA,NA,NA
"181","181",NA,"12836","la",NA,NA,"tunica albuginea corporis spongiosi",NA,NA,NA,NA,NA
"182","182",NA,"12974","la",NA,NA,"cortex",NA,NA,NA,NA,NA
"183","183",NA,"13180","la",NA,NA,"cellula dendritica nodularis",NA,NA,NA,NA,NA
"184","184",NA,"13264","la",NA,NA,"sinus internodularis",NA,NA,NA,NA,NA
"185","185",NA,"13661","la",NA,NA,"corpusculum ovoideum",NA,NA,NA,NA,NA
"186","186",NA,"13609","la",NA,NA,"neurofibra postganglionica",NA,NA,NA,NA,NA
"187","187",NA,"13608","la",NA,NA,"neurofibra preganglionica",NA,NA,NA,NA,NA
"188","188",NA,"10302","la",NA,NA,"vesicula secretoria",NA,NA,NA,NA,NA
"189","189",NA,"10348","la",NA,NA,"gutta adipis",NA,NA,NA,NA,NA
"190","190",NA,"10014","la",NA,NA,"cytosol",NA,NA,NA,NA,NA
"191","191",NA,"10015","la",NA,NA,"organella",NA,NA,NA,NA,NA
"192","192",NA,"10050","la",NA,NA,"cellula polyhedralis",NA,NA,NA,NA,NA
"193","193",NA,"10054","la",NA,NA,"cellula squamosa",NA,NA,NA,NA,NA
"194","194",NA,"10057","la",NA,NA,"glycocalyx",NA,NA,NA,NA,NA
"195","195",NA,"10084","la",NA,NA,"stereocilium",NA,NA,NA,NA,NA
"196","196",NA,"10085","la",NA,NA,"cilium",NA,NA,NA,NA,NA
"197","197",NA,"10090","la",NA,NA,"microtubulus centralis",NA,NA,NA,NA,NA
"198","198",NA,"10104","la",NA,NA,"flagellum",NA,NA,NA,NA,NA
"199","199",NA,"10106","la",NA,NA,"junctiones intercellulares",NA,NA,NA,NA,NA
"200","200",NA,"10134","la",NA,NA,"hemidesmosoma",NA,NA,NA,NA,NA
"201","201",NA,"10157","la",NA,NA,"nucleus pyknoticus",NA,NA,NA,NA,NA
"202","202",NA,"10160","la",NA,NA,"nucleus sphericus",NA,NA,NA,NA,NA
"203","203",NA,"10186","la",NA,NA,"chromatinum",NA,NA,NA,NA,NA
"204","204",NA,"10260","la",NA,NA,"ribosoma",NA,NA,NA,NA,NA
"205","205",NA,"10277","la",NA,NA,"lysosoma",NA,NA,NA,NA,NA
"206","206",NA,"10293","la",NA,NA,"telolysosoma",NA,NA,NA,NA,NA
"207","207",NA,"10296","la",NA,NA,"peroxysoma",NA,NA,NA,NA,NA
"208","208",NA,"10298","la",NA,NA,"matrix peroxysomatica",NA,NA,NA,NA,NA
"209","209",NA,"10299","la",NA,NA,"exocytosis",NA,NA,NA,NA,NA
"210","210",NA,"10309","la",NA,NA,"endocytosis",NA,NA,NA,NA,NA
"211","211",NA,"10331","la",NA,NA,"phagosoma",NA,NA,NA,NA,NA
"212","212",NA,"10335","la",NA,NA,"corpusculum residuale",NA,NA,NA,NA,NA
"213","213",NA,"10363","la",NA,NA,"cilium",NA,NA,NA,NA,NA
"214","214",NA,"10364","la",NA,NA,"flagellum",NA,NA,NA,NA,NA
"215","215",NA,"10370","la",NA,NA,"myosinum",NA,NA,NA,NA,NA
"216","216",NA,"10396","la",NA,NA,"interphasis",NA,NA,NA,NA,NA
"217","217",NA,"10422","la",NA,NA,"mitosis",NA,NA,NA,NA,NA
"218","218",NA,"10428","la",NA,NA,"prophasis",NA,NA,NA,NA,NA
"219","219",NA,"10432","la",NA,NA,"metaphasis",NA,NA,NA,NA,NA
"220","220",NA,"10442","la",NA,NA,"chromosoma",NA,NA,NA,NA,NA
"221","221",NA,"10531","la",NA,NA,"capsula",NA,NA,NA,NA,NA
"222","222",NA,"10572","la",NA,NA,"textus epithelialis",NA,NA,NA,NA,NA
"223","223",NA,"10573","la",NA,NA,"epithelium",NA,NA,NA,NA,NA
"224","224",NA,"10578","la",NA,NA,"polus apicalis",NA,NA,NA,NA,NA
"225","225",NA,"10579","la",NA,NA,"polus basalis",NA,NA,NA,NA,NA
"226","226",NA,"10581","la",NA,NA,"facies apicalis",NA,NA,NA,NA,NA
"227","227",NA,"10624","la",NA,NA,"mesothelium",NA,NA,NA,NA,NA
"228","228",NA,"10656","la",NA,NA,"glandula",NA,NA,NA,NA,NA
"229","229",NA,"10658","la",NA,NA,"secretio apocrina",NA,NA,NA,NA,NA
"230","230",NA,"10661","la",NA,NA,"secretio exocrina",NA,NA,NA,NA,NA
"231","231",NA,"10668","la",NA,NA,"glandula exocrina",NA,NA,NA,NA,NA
"232","232",NA,"10670","la",NA,NA,"epitheliocytus caliciformis",NA,NA,NA,NA,NA
"233","233",NA,"10676","la",NA,NA,"glandula tubulosa simplex",NA,NA,NA,NA,NA
"234","234",NA,"10677","la",NA,NA,"glandula tubulosa ramosa",NA,NA,NA,NA,NA
"235","235",NA,"10687","la",NA,NA,"glandula tubuloacinosa composita",NA,NA,NA,NA,NA
"236","236",NA,"10704","la",NA,NA,"acinus",NA,NA,NA,NA,NA
"237","237",NA,"10707","la",NA,NA,"myoepitheliocytus",NA,NA,NA,NA,NA
"238","238",NA,"10713","la",NA,NA,"myoepitheliocytus",NA,NA,NA,NA,NA
"239","239",NA,"10726","la",NA,NA,"glandula endocrina",NA,NA,NA,NA,NA
"240","240",NA,"10739","la",NA,NA,"plasmocytus",NA,NA,NA,NA,NA
"241","241",NA,"10751","la",NA,NA,"cellula pigmentata",NA,NA,NA,NA,NA
"242","242",NA,"10758","la",NA,NA,"proteoglycanum",NA,NA,NA,NA,NA
"243","243",NA,"10759","la",NA,NA,"collagenum",NA,NA,NA,NA,NA
"244","244",NA,"10760","la",NA,NA,"procollagenum",NA,NA,NA,NA,NA
"245","245",NA,"10765","la",NA,NA,"tropocollagenum",NA,NA,NA,NA,NA
"246","246",NA,"10776","la",NA,NA,"elastinum",NA,NA,NA,NA,NA
"247","247",NA,"10941","la",NA,NA,"haemocyti",NA,NA,NA,NA,NA
"248","248",NA,"11036","la",NA,NA,"erythroblastus",NA,NA,NA,NA,NA
"249","249",NA,"11092","la",NA,NA,"actinum",NA,NA,NA,NA,NA
"250","250",NA,"11099","la",NA,NA,"desminum",NA,NA,NA,NA,NA
"251","251",NA,"11886","la",NA,NA,"myoepitheliocytus",NA,NA,NA,NA,NA
"252","252",NA,"11905","la",NA,NA,"granulum zymogeni",NA,NA,NA,NA,NA
"253","253",NA,"11929","la",NA,NA,"glycocalyx",NA,NA,NA,NA,NA
"254","254",NA,"12067","la",NA,NA,"granulum zymogeni",NA,NA,NA,NA,NA
"255","255",NA,"12111","la",NA,NA,"myoepitheliocytus",NA,NA,NA,NA,NA
"256","256",NA,"14103","la",NA,NA,"papilla",NA,NA,NA,NA,NA
"257","257",NA,"10035","la",NA,NA,"cellula precursoria",NA,NA,NA,NA,NA
"258","258",NA,"10086","la",NA,NA,"kinocilium",NA,NA,NA,NA,NA
"259","259",NA,"10096","la",NA,NA,"dyneinum",NA,NA,NA,NA,NA
"260","260",NA,"10142","la",NA,NA,"nucleus",NA,NA,NA,NA,NA
"261","261",NA,"10187","la",NA,NA,"heterochromatinum",NA,NA,NA,NA,NA
"262","262",NA,"10217","la",NA,NA,"cytocentrum",NA,NA,NA,NA,NA
"263","263",NA,"10274","la",NA,NA,"vesicula golgiensis",NA,NA,NA,NA,NA
"264","264",NA,"10314","la",NA,NA,"phagocytosis",NA,NA,NA,NA,NA
"265","265",NA,"10355","la",NA,NA,"tubulinum",NA,NA,NA,NA,NA
"266","266",NA,"10361","la",NA,NA,"dyneinum",NA,NA,NA,NA,NA
"267","267",NA,"10384","la",NA,NA,"tonofilamentum",NA,NA,NA,NA,NA
"268","268",NA,"10385","la",NA,NA,"tonofibrilla",NA,NA,NA,NA,NA
"269","269",NA,"10540","la",NA,NA,"hyperplasia",NA,NA,NA,NA,NA
"270","270",NA,"10541","la",NA,NA,"hypertrophia",NA,NA,NA,NA,NA
"271","271",NA,"10545","la",NA,NA,"metaplasia",NA,NA,NA,NA,NA
"272","272",NA,"10736","la",NA,NA,"fibrocytus",NA,NA,NA,NA,NA
"273","273",NA,"10750","la",NA,NA,"myofibroblastus",NA,NA,NA,NA,NA
"274","274",NA,"10756","la",NA,NA,"glycosaminoglycanum",NA,NA,NA,NA,NA
"275","275",NA,"10793","la",NA,NA,"ligamenta",NA,NA,NA,NA,NA
"276","276",NA,"10807","la",NA,NA,"chondrocytus",NA,NA,NA,NA,NA
"277","277",NA,"10829","la",NA,NA,"cartilago elastica",NA,NA,NA,NA,NA
"278","278",NA,"10830","la",NA,NA,"perichondrium",NA,NA,NA,NA,NA
"279","279",NA,"10843","la",NA,NA,"osteocytus",NA,NA,NA,NA,NA
"280","280",NA,"10845","la",NA,NA,"osteoclastus",NA,NA,NA,NA,NA
"281","281",NA,"10902","la",NA,NA,"ossificatio",NA,NA,NA,NA,NA
"282","282",NA,"10947","la",NA,NA,"anisocytosis",NA,NA,NA,NA,NA
"283","283",NA,"10956","la",NA,NA,"leucocytus",NA,NA,NA,NA,NA
"284","284",NA,"10958","la",NA,NA,"granulum azurophilum",NA,NA,NA,NA,NA
"285","285",NA,"10990","la",NA,NA,"thrombocytus",NA,NA,NA,NA,NA
"286","286",NA,"11003","la",NA,NA,"chylomicron",NA,NA,NA,NA,NA
"287","287",NA,"11033","la",NA,NA,"sinusoideus",NA,NA,NA,NA,NA
"288","288",NA,"11042","la",NA,NA,"myeloblastus",NA,NA,NA,NA,NA
"289","289",NA,"11044","la",NA,NA,"myelocytus",NA,NA,NA,NA,NA
"290","290",NA,"11057","la",NA,NA,"megakaryocytus",NA,NA,NA,NA,NA
"291","291",NA,"11075","la",NA,NA,"medulla ossium",NA,NA,NA,NA,NA
"292","292",NA,"11078","la",NA,NA,"medulla ossium rubra",NA,NA,NA,NA,NA
"293","293",NA,"11087","la",NA,NA,"myofilamentum",NA,NA,NA,NA,NA
"294","294",NA,"11088","la",NA,NA,"myofibrilla",NA,NA,NA,NA,NA
"295","295",NA,"11089","la",NA,NA,"sarcomerum",NA,NA,NA,NA,NA
"296","296",NA,"11108","la",NA,NA,"tropomyosinum",NA,NA,NA,NA,NA
"297","297",NA,"11125","la",NA,NA,"myofilamentum",NA,NA,NA,NA,NA
"298","298",NA,"11188","la",NA,NA,"myoblastus",NA,NA,NA,NA,NA
"299","299",NA,"11215","la",NA,NA,"axoplasma",NA,NA,NA,NA,NA
"300","300",NA,"11305","la",NA,NA,"microglia",NA,NA,NA,NA,NA
"301","301",NA,"11306","la",NA,NA,"vesicula synaptica",NA,NA,NA,NA,NA
"302","302",NA,"11813","la",NA,NA,"epithelium respiratorium",NA,NA,NA,NA,NA
"303","303",NA,"11877","la",NA,NA,"cellula dendritiformis",NA,NA,NA,NA,NA
"304","304",NA,"12149","la",NA,NA,"trachea",NA,NA,NA,NA,NA
"305","305",NA,"12161","la",NA,NA,"cartilagines tracheales",NA,NA,NA,NA,NA
"306","306",NA,"12163","la",NA,NA,"tunica adventitia",NA,NA,NA,NA,NA
"307","307",NA,"12165","la",NA,NA,"bronchus",NA,NA,NA,NA,NA
"308","308",NA,"12180","la",NA,NA,"bronchiolus",NA,NA,NA,NA,NA
"309","309",NA,"12418","la",NA,NA,"ovarium",NA,NA,NA,NA,NA
"310","310",NA,"12421","la",NA,NA,"tunica albuginea ovarii",NA,NA,NA,NA,NA
"311","311",NA,"12613","la",NA,NA,"tunica albuginea",NA,NA,NA,NA,NA
"312","312",NA,"12818","la",NA,NA,"penis",NA,NA,NA,NA,NA
"313","313",NA,"12835","la",NA,NA,"corpus spongiosum penis",NA,NA,NA,NA,NA
"314","314",NA,"12435","la",NA,NA,"folliculus ovaricus primarius",NA,NA,NA,NA,NA
"315","315",NA,"12440","la",NA,NA,"folliculus ovaricus secundarius",NA,NA,NA,NA,NA
"316","316",NA,"12460","la",NA,NA,"corona radiata",NA,NA,NA,NA,NA
"317","317",NA,"12461","la",NA,NA,"oocytus secundarius",NA,NA,NA,NA,NA
"318","318",NA,"12827","la",NA,NA,"corpus cavernosum penis",NA,NA,NA,NA,NA
"319","319",NA,"12828","la",NA,NA,"tunica albuginea corporis cavernosi",NA,NA,NA,NA,NA
"320","320",NA,"13263","la",NA,NA,"sinus marginalis",NA,NA,NA,NA,NA
"321","321",NA,"13271","la",NA,NA,"sinus lymphaticus medullaris",NA,NA,NA,NA,NA
"322","322",NA,"10655","la",NA,NA,"epithelium glandulare",NA,NA,NA,NA,NA
"323","323",NA,"10046","la",NA,NA,"cellula dendritiformis",NA,NA,NA,NA,NA
"324","324",NA,"10597","la",NA,NA,"serocytus",NA,NA,NA,NA,NA
"325","325",NA,"10869","la",NA,NA,"endosteum",NA,NA,NA,NA,NA
"326","326",NA,"11408","la",NA,NA,"juncturae",NA,NA,NA,NA,NA
"327","327",NA,"11436","la",NA,NA,"nucleus pulposus",NA,NA,NA,NA,NA
"328","328",NA,"11477","la",NA,NA,"fusus neuromuscularis",NA,NA,NA,NA,NA
"329","329",NA,"11525","la",NA,NA,"glandula sebacea",NA,NA,NA,NA,NA
"330","330",NA,"11552","la",NA,NA,"palatum molle",NA,NA,NA,NA,NA
"331","331",NA,"11559","la",NA,NA,"tela submucosa",NA,NA,NA,NA,NA
"332","332",NA,"11562","la",NA,NA,"gingiva",NA,NA,NA,NA,NA
"333","333",NA,"11571","la",NA,NA,"sulcus gingivalis",NA,NA,NA,NA,NA
"334","334",NA,"11604","la",NA,NA,"glandula parotidea",NA,NA,NA,NA,NA
"335","335",NA,"11605","la",NA,NA,"glandula sublingualis",NA,NA,NA,NA,NA
"336","336",NA,"11607","la",NA,NA,"glandulae salivariae minores",NA,NA,NA,NA,NA
"337","337",NA,"11635","la",NA,NA,"mucocytus",NA,NA,NA,NA,NA
"338","338",NA,"11654","la",NA,NA,"corona dentis",NA,NA,NA,NA,NA
"339","339",NA,"11655","la",NA,NA,"cervix dentis",NA,NA,NA,NA,NA
"340","340",NA,"11657","la",NA,NA,"cavitas dentis",NA,NA,NA,NA,NA
"341","341",NA,"11660","la",NA,NA,"canalis radicis dentis",NA,NA,NA,NA,NA
"342","342",NA,"11662","la",NA,NA,"foramen apicis dentis",NA,NA,NA,NA,NA
"343","343",NA,"11663","la",NA,NA,"enamelum",NA,NA,NA,NA,NA
"344","344",NA,"11677","la",NA,NA,"dentinum",NA,NA,NA,NA,NA
"345","345",NA,"11678","la",NA,NA,"tubulus dentini",NA,NA,NA,NA,NA
"346","346",NA,"11680","la",NA,NA,"processus dentinoblasti",NA,NA,NA,NA,NA
"347","347",NA,"11694","la",NA,NA,"predentinum",NA,NA,NA,NA,NA
"348","348",NA,"11701","la",NA,NA,"cementum",NA,NA,NA,NA,NA
"349","349",NA,"11712","la",NA,NA,"pulpa dentis",NA,NA,NA,NA,NA
"350","350",NA,"11732","la",NA,NA,"alveolus dentalis",NA,NA,NA,NA,NA
"351","351",NA,"12296","la",NA,NA,"diaphragma rimae",NA,NA,NA,NA,NA
"352","352",NA,"12965","la",NA,NA,"glandula parathyroidea",NA,NA,NA,NA,NA
"353","353",NA,"13935","la",NA,NA,"labyrinthus osseus",NA,NA,NA,NA,NA
"354","354",NA,"13939","la",NA,NA,"perilympha",NA,NA,NA,NA,NA
"355","355",NA,"13941","la",NA,NA,"lamina spiralis cochleae",NA,NA,NA,NA,NA
"356","356",NA,"13942","la",NA,NA,"modiolus cochleae",NA,NA,NA,NA,NA
"357","357",NA,"13946","la",NA,NA,"endolympha",NA,NA,NA,NA,NA
"358","358",NA,"11325","la",NA,NA,"pars postsynaptica",NA,NA,NA,NA,NA
"359","359",NA,"11606","la",NA,NA,"glandula submandibularis",NA,NA,NA,NA,NA
"360","360",NA,"12152","la",NA,NA,"corpus neuroepitheliale",NA,NA,NA,NA,NA
"361","361",NA,"13071","la",NA,NA,"vasa sanguinea et lymphatica",NA,NA,NA,NA,NA
"362","362",NA,"10600","la",NA,NA,"endocrinocytus",NA,NA,NA,NA,NA
"363","363",NA,"10605","la",NA,NA,"epithelium superficiale",NA,NA,NA,NA,NA
"364","364",NA,"10626","la",NA,NA,"epithelium simplex cuboideum",NA,NA,NA,NA,NA
"365","365",NA,"10627","la",NA,NA,"epithelium simplex columnare",NA,NA,NA,NA,NA
"366","366",NA,"10628","la",NA,NA,"epithelium pseudostratificatum columnare",NA,NA,NA,NA,NA
"367","367",NA,"10632","la",NA,NA,"epithelium stratificatum squamosum non cornificatum",NA,NA,NA,NA,NA
"368","368",NA,"12092","la",NA,NA,"epithelium pseudostratificatum columnare ciliatum",NA,NA,NA,NA,NA
"369","369",NA,"12764","la",NA,NA,"granulum lipofuscini",NA,NA,NA,NA,NA
"370","370",NA,"13081","la",NA,NA,"arteria",NA,NA,NA,NA,NA
"371","371",NA,"13082","la",NA,NA,"tunica intima",NA,NA,NA,NA,NA
"372","372",NA,"13083","la",NA,NA,"endothelium vasculare",NA,NA,NA,NA,NA
"373","373",NA,"14075","la",NA,NA,"stratum basale",NA,NA,NA,NA,NA
"374","374",NA,"10026","la",NA,NA,"cellula multinucleata",NA,NA,NA,NA,NA
"375","375",NA,"12422","la",NA,NA,"cortex ovarii",NA,NA,NA,NA,NA
"376","376",NA,"12423","la",NA,NA,"stroma ovarii",NA,NA,NA,NA,NA
"377","377",NA,"12425","la",NA,NA,"medulla ovarii",NA,NA,NA,NA,NA
"378","378",NA,"12428","la",NA,NA,"folliculus ovaricus primordialis",NA,NA,NA,NA,NA
"379","379",NA,"12436","la",NA,NA,"zona pellucida",NA,NA,NA,NA,NA
"380","380",NA,"12444","la",NA,NA,"theca folliculi",NA,NA,NA,NA,NA
"381","381",NA,"12448","la",NA,NA,"epitheliocytus granularis",NA,NA,NA,NA,NA
"382","382",NA,"12451","la",NA,NA,"liquor follicularis",NA,NA,NA,NA,NA
"383","383",NA,"12458","la",NA,NA,"folliculus ovaricus maturus",NA,NA,NA,NA,NA
"384","384",NA,"12459","la",NA,NA,"cumulus oophorus",NA,NA,NA,NA,NA
"385","385",NA,"12465","la",NA,NA,"corpus luteum",NA,NA,NA,NA,NA
"386","386",NA,"12469","la",NA,NA,"granulosoluteocytus",NA,NA,NA,NA,NA
"387","387",NA,"12470","la",NA,NA,"thecaluteocytus",NA,NA,NA,NA,NA
"388","388",NA,"12472","la",NA,NA,"corpus albicans",NA,NA,NA,NA,NA
"389","389",NA,"13178","la",NA,NA,"textus lymphoideus",NA,NA,NA,NA,NA
"390","390",NA,"13183","la",NA,NA,"thymus",NA,NA,NA,NA,NA
"391","391",NA,"13243","la",NA,NA,"textus lymphoideus adjunctus broncho",NA,NA,NA,NA,NA
"392","392",NA,"13245","la",NA,NA,"textus lymphoideus adjunctus mucosae",NA,NA,NA,NA,NA
"393","393",NA,"13283","la",NA,NA,"trabecula splenica",NA,NA,NA,NA,NA
"394","394",NA,"13286","la",NA,NA,"pulpa alba",NA,NA,NA,NA,NA
"395","395",NA,"13287","la",NA,NA,"zona marginalis pulpae albae",NA,NA,NA,NA,NA
"396","396",NA,"13292","la",NA,NA,"pulpa rubra",NA,NA,NA,NA,NA
"397","397",NA,"13295","la",NA,NA,"arteriola penicillaris",NA,NA,NA,NA,NA
"398","398",NA,"13302","la",NA,NA,"chorda splenica",NA,NA,NA,NA,NA
"399","399",NA,"13305","la",NA,NA,"tonsilla",NA,NA,NA,NA,NA
"400","400",NA,"13687","la",NA,NA,"bulbus oculi",NA,NA,NA,NA,NA
"401","401",NA,"13690","la",NA,NA,"sclera",NA,NA,NA,NA,NA
"402","402",NA,"13699","la",NA,NA,"cornea",NA,NA,NA,NA,NA
"403","403",NA,"13711","la",NA,NA,"choroidea",NA,NA,NA,NA,NA
"404","404",NA,"13723","la",NA,NA,"corpus ciliare",NA,NA,NA,NA,NA
"405","405",NA,"13726","la",NA,NA,"processus ciliaris",NA,NA,NA,NA,NA
"406","406",NA,"13728","la",NA,NA,"ora serrata",NA,NA,NA,NA,NA
"407","407",NA,"13730","la",NA,NA,"m. ciliaris",NA,NA,NA,NA,NA
"408","408",NA,"13736","la",NA,NA,"epithelium pigmentosum",NA,NA,NA,NA,NA
"409","409",NA,"13738","la",NA,NA,"iris",NA,NA,NA,NA,NA
"410","410",NA,"13748","la",NA,NA,"m. sphincter pupillae",NA,NA,NA,NA,NA
"411","411",NA,"13750","la",NA,NA,"pigmentocytus",NA,NA,NA,NA,NA
"412","412",NA,"13751","la",NA,NA,"m. dilatator pupillae",NA,NA,NA,NA,NA
"413","413",NA,"13754","la",NA,NA,"retina",NA,NA,NA,NA,NA
"414","414",NA,"13770","la",NA,NA,"stratum plexiforme externum",NA,NA,NA,NA,NA
"415","415",NA,"13772","la",NA,NA,"stratum plexiforme internum",NA,NA,NA,NA,NA
"416","416",NA,"13776","la",NA,NA,"macula lutea",NA,NA,NA,NA,NA
"417","417",NA,"13783","la",NA,NA,"neuron bacilliferum",NA,NA,NA,NA,NA
"418","418",NA,"13799","la",NA,NA,"neuron coniferum",NA,NA,NA,NA,NA
"419","419",NA,"13833","la",NA,NA,"neuron amacrinum",NA,NA,NA,NA,NA
"420","420",NA,"13853","la",NA,NA,"lens",NA,NA,NA,NA,NA
"421","421",NA,"13869","la",NA,NA,"humor aquosus",NA,NA,NA,NA,NA
"422","422",NA,"13870","la",NA,NA,"camera anterior",NA,NA,NA,NA,NA
"423","423",NA,"13871","la",NA,NA,"camera posterior",NA,NA,NA,NA,NA
"424","424",NA,"13872","la",NA,NA,"camera postrema",NA,NA,NA,NA,NA
"425","425",NA,"13880","la",NA,NA,"palpebrae",NA,NA,NA,NA,NA
"426","426",NA,"14068","la",NA,NA,"epidermis",NA,NA,NA,NA,NA
"427","427",NA,"14071","la",NA,NA,"stratum corneum",NA,NA,NA,NA,NA
"428","428",NA,"14072","la",NA,NA,"stratum lucidum",NA,NA,NA,NA,NA
"429","429",NA,"14073","la",NA,NA,"stratum granulosum",NA,NA,NA,NA,NA
"430","430",NA,"14074","la",NA,NA,"stratum spinosum",NA,NA,NA,NA,NA
"431","431",NA,"14078","la",NA,NA,"tonofibrilla",NA,NA,NA,NA,NA
"432","432",NA,"14079","la",NA,NA,"tonofilamentum",NA,NA,NA,NA,NA
"433","433",NA,"14083","la",NA,NA,"granulum keratohyalini",NA,NA,NA,NA,NA
"434","434",NA,"14084","la",NA,NA,"filamentum keratini",NA,NA,NA,NA,NA
"435","435",NA,"14101","la",NA,NA,"dermis",NA,NA,NA,NA,NA
"436","436",NA,"14102","la",NA,NA,"stratum papillare",NA,NA,NA,NA,NA
"437","437",NA,"14104","la",NA,NA,"stratum reticulare",NA,NA,NA,NA,NA
"438","438",NA,"14123","la",NA,NA,"pilus",NA,NA,NA,NA,NA
"439","439",NA,"14142","la",NA,NA,"bulbus pili",NA,NA,NA,NA,NA
"440","440",NA,"14156","la",NA,NA,"folliculus pili",NA,NA,NA,NA,NA
"441","441",NA,"14176","la",NA,NA,"unguis",NA,NA,NA,NA,NA
"442","442",NA,"14183","la",NA,NA,"eponychium",NA,NA,NA,NA,NA
"443","443",NA,"14184","la",NA,NA,"lectulus",NA,NA,NA,NA,NA
"444","444",NA,"14195","la",NA,NA,"matrix unguis",NA,NA,NA,NA,NA
"445","445",NA,"14223","la",NA,NA,"sebum",NA,NA,NA,NA,NA
"446","446",NA,"10942","la",NA,NA,"erythrocytus",NA,NA,NA,NA,NA
"447","447",NA,"11799","la",NA,NA,"nodulus lymphoideus",NA,NA,NA,NA,NA
"448","448",NA,"12981","la",NA,NA,"corticosterocytus spongiosus",NA,NA,NA,NA,NA
"449","449",NA,"12990","la",NA,NA,"insula pancreatica",NA,NA,NA,NA,NA
"450","450",NA,"12999","la",NA,NA,"glomus caroticum",NA,NA,NA,NA,NA
"451","451",NA,"13050","la",NA,NA,"nodus sinuatrialis",NA,NA,NA,NA,NA
"452","452",NA,"13052","la",NA,NA,"nodus atrioventricularis",NA,NA,NA,NA,NA
"453","453",NA,"13104","la",NA,NA,"vas capillare",NA,NA,NA,NA,NA
"454","454",NA,"13155","la",NA,NA,"vas lymphocapillare",NA,NA,NA,NA,NA
"455","455",NA,"13251","la",NA,NA,"nodus lymphoideus",NA,NA,NA,NA,NA
"456","456",NA,"13257","la",NA,NA,"cortex",NA,NA,NA,NA,NA
"457","457",NA,"13701","la",NA,NA,"lamina limitans anterior",NA,NA,NA,NA,NA
"458","458",NA,"13704","la",NA,NA,"lamina limitans posterior",NA,NA,NA,NA,NA
"459","459",NA,"13713","la",NA,NA,"lamina suprachoroidea",NA,NA,NA,NA,NA
"460","460",NA,"13716","la",NA,NA,"lamina choroidocapillaris",NA,NA,NA,NA,NA
"461","461",NA,"13717","la",NA,NA,"complexus basalis",NA,NA,NA,NA,NA
"462","462",NA,"13768","la",NA,NA,"stratum limitans externum",NA,NA,NA,NA,NA
"463","463",NA,"13775","la",NA,NA,"stratum limitans internum",NA,NA,NA,NA,NA
"464","464",NA,"14143","la",NA,NA,"papilla dermalis pili",NA,NA,NA,NA,NA
"465","465",NA,"10079","la",NA,NA,"limbus microvillosus",NA,NA,NA,NA,NA
"466","466",NA,"10637","la",NA,NA,"epithelium stratificatum squamosum cornificatum",NA,NA,NA,NA,NA
"467","467",NA,"10638","la",NA,NA,"epithelium stratificatum cuboideum",NA,NA,NA,NA,NA
"468","468",NA,"10639","la",NA,NA,"epithelium stratificatum columnare",NA,NA,NA,NA,NA
"469","469",NA,"10674","la",NA,NA,"glandula simplex",NA,NA,NA,NA,NA
"470","470",NA,"10675","la",NA,NA,"glandula tubulosa",NA,NA,NA,NA,NA
"471","471",NA,"10679","la",NA,NA,"glandula acinosa",NA,NA,NA,NA,NA
"472","472",NA,"10961","la",NA,NA,"lymphocytus b",NA,NA,NA,NA,NA
"473","473",NA,"10964","la",NA,NA,"lymphocytus t",NA,NA,NA,NA,NA
"474","474",NA,"12009","la",NA,NA,"canaliculus bilifer",NA,NA,NA,NA,NA
"475","475",NA,"12014","la",NA,NA,"cellula perisinusoidalis",NA,NA,NA,NA,NA
"476","476",NA,"12015","la",NA,NA,"vas sinusoideum",NA,NA,NA,NA,NA
"477","477",NA,"12019","la",NA,NA,"spatium portale",NA,NA,NA,NA,NA
"478","478",NA,"12068","la",NA,NA,"cellula centroacinosa",NA,NA,NA,NA,NA
"479","479",NA,"12069","la",NA,NA,"ductus intercalatus",NA,NA,NA,NA,NA
"480","480",NA,"12070","la",NA,NA,"ductus intralobularis",NA,NA,NA,NA,NA
"481","481",NA,"12071","la",NA,NA,"ductus interlobularis",NA,NA,NA,NA,NA
"482","482",NA,"13209","la",NA,NA,"cellula t adjuvans",NA,NA,NA,NA,NA
"483","483",NA,"13902","la",NA,NA,"auris",NA,NA,NA,NA,NA
"484","484",NA,"13904","la",NA,NA,"auris externa",NA,NA,NA,NA,NA
"485","485",NA,"13910","la",NA,NA,"auris media",NA,NA,NA,NA,NA
"486","486",NA,"13917","la",NA,NA,"membrana tympanica",NA,NA,NA,NA,NA
"487","487",NA,"13931","la",NA,NA,"epithelium pseudostratificatum",NA,NA,NA,NA,NA
"488","488",NA,"13934","la",NA,NA,"auris interna",NA,NA,NA,NA,NA
"489","489",NA,"13944","la",NA,NA,"labyrinthus membranaceus",NA,NA,NA,NA,NA
"490","490",NA,"13948","la",NA,NA,"vestibulocytus",NA,NA,NA,NA,NA
"491","491",NA,"13959","la",NA,NA,"macula sacculi",NA,NA,NA,NA,NA
"492","492",NA,"13960","la",NA,NA,"macula utriculi",NA,NA,NA,NA,NA
"493","493",NA,"13966","la",NA,NA,"crista ampullaris",NA,NA,NA,NA,NA
"494","494",NA,"13972","la",NA,NA,"saccus endolymphaticus",NA,NA,NA,NA,NA
"495","495",NA,"13995","la",NA,NA,"lamina basilaris",NA,NA,NA,NA,NA
"496","496",NA,"14004","la",NA,NA,"membrana tectoria",NA,NA,NA,NA,NA
"497","497",NA,"14005","la",NA,NA,"membrana vestibularis",NA,NA,NA,NA,NA
"498","498",NA,"14041","la",NA,NA,"cochleocytus externus",NA,NA,NA,NA,NA
"499","499",NA,"14229","la",NA,NA,"glandula mammaria",NA,NA,NA,NA,NA
"500","500",NA,"14230","la",NA,NA,"lobus mammae",NA,NA,NA,NA,NA
"501","501",NA,"13459","en",NA,NA,"basket neuron",NA,NA,NA,NA,NA
"502","502",NA,"13602","en",NA,NA,"peripheral nervous system",NA,NA,NA,NA,NA
"503","503",NA,"10738","en",NA,NA,"adipocyte",NA,NA,NA,NA,NA
"504","504",NA,"13335","en",NA,NA,"arachnoid mater",NA,NA,NA,NA,NA
"505","505",NA,"11222","en",NA,NA,"terminal arborization",NA,NA,NA,NA,NA
"506","506",NA,"12356","en",NA,NA,"interlobar artery",NA,NA,NA,NA,NA
"507","507",NA,"11346","en",NA,NA,"astrocyte",NA,NA,NA,NA,NA
"508","508",NA,"12946","en",NA,NA,"astrocyte",NA,NA,NA,NA,NA
"509","509",NA,"11350","en",NA,NA,"fibrous astrocyte",NA,NA,NA,NA,NA
"510","510",NA,"11348","en",NA,NA,"protoplasmic astrocyte",NA,NA,NA,NA,NA
"511","511",NA,"11197","en",NA,NA,"axolemma",NA,NA,NA,NA,NA
"512","512",NA,"11194","en",NA,NA,"axolemma",NA,NA,NA,NA,NA
"513","513",NA,"11214","en",NA,NA,"axon",NA,NA,NA,NA,NA
"514","514",NA,"13312","en",NA,NA,"blood brain barrier",NA,NA,NA,NA,NA
"515","515",NA,"11515","en",NA,NA,"oral cavity",NA,NA,NA,NA,NA
"516","516",NA,"10003","en",NA,NA,"cell",NA,NA,NA,NA,NA
"517","517",NA,"13410","en",NA,NA,"basket cell",NA,NA,NA,NA,NA
"518","518",NA,"10610","en",NA,NA,"endothelial cell",NA,NA,NA,NA,NA
"519","519",NA,"11339","en",NA,NA,"ependymal cell",NA,NA,NA,NA,NA
"520","520",NA,"12922","en",NA,NA,"ependymal cell",NA,NA,NA,NA,NA
"521","521",NA,"10576","en",NA,NA,"epithelial cell",NA,NA,NA,NA,NA
"522","522",NA,"10048","en",NA,NA,"giant cell",NA,NA,NA,NA,NA
"523","523",NA,"11308","en",NA,NA,"glial cell body",NA,NA,NA,NA,NA
"524","524",NA,"10052","en",NA,NA,"pyramidal cell",NA,NA,NA,NA,NA
"525","525",NA,"13503","en",NA,NA,"pyramidal cell",NA,NA,NA,NA,NA
"526","526",NA,"10032","en",NA,NA,"primordial cell",NA,NA,NA,NA,NA
"527","527",NA,"10036","en",NA,NA,"progenitor cell",NA,NA,NA,NA,NA
"528","528",NA,"13405","en",NA,NA,"purkinje cell",NA,NA,NA,NA,NA
"529","529",NA,"14058","en",NA,NA,"satellite cell",NA,NA,NA,NA,NA
"530","530",NA,"11367","en",NA,NA,"satellite cell",NA,NA,NA,NA,NA
"531","531",NA,"11370","en",NA,NA,"schwann cell",NA,NA,NA,NA,NA
"532","532",NA,"10406","en",NA,NA,"centriole",NA,NA,NA,NA,NA
"533","533",NA,"10218","en",NA,NA,"centriole",NA,NA,NA,NA,NA
"534","534",NA,"13389","en",NA,NA,"cerebellum",NA,NA,NA,NA,NA
"535","535",NA,"1024900","en",NA,NA,"cistern",NA,NA,NA,NA,NA
"536","536",NA,"10006","en",NA,NA,"cytoplasm",NA,NA,NA,NA,NA
"537","537",NA,"10353","en",NA,NA,"cytoskeleton",NA,NA,NA,NA,NA
"538","538",NA,"13663","en",NA,NA,"lamellar corpuscle",NA,NA,NA,NA,NA
"539","539",NA,"13391","en",NA,NA,"cerebellar cortex",NA,NA,NA,NA,NA
"540","540",NA,"13436","en",NA,NA,"cerebral cortex",NA,NA,NA,NA,NA
"541","541",NA,"14080","en",NA,NA,"macula adherens",NA,NA,NA,NA,NA
"542","542",NA,"11653","en",NA,NA,"tooth",NA,NA,NA,NA,NA
"543","543",NA,"13326","en",NA,NA,"pachymeninx",NA,NA,NA,NA,NA
"544","544",NA,"12916","en",NA,NA,"median eminence",NA,NA,NA,NA,NA
"545","545",NA,"13611","en",NA,NA,"endoneurium",NA,NA,NA,NA,NA
"546","546",NA,"10607","en",NA,NA,"endothelium",NA,NA,NA,NA,NA
"547","547",NA,"10980","en",NA,NA,"eosinophilic granulocyte",NA,NA,NA,NA,NA
"548","548",NA,"13615","en",NA,NA,"epineurium",NA,NA,NA,NA,NA
"549","549",NA,"10606","en",NA,NA,"simple squamous epithelium",NA,NA,NA,NA,NA
"550","550",NA,"11874","en",NA,NA,"oesophagus",NA,NA,NA,NA,NA
"551","551",NA,"10762","en",NA,NA,"collagen fascicle",NA,NA,NA,NA,NA
"552","552",NA,"10763","en",NA,NA,"collagen fibre",NA,NA,NA,NA,NA
"553","553",NA,"10769","en",NA,NA,"elastic fibre",NA,NA,NA,NA,NA
"554","554",NA,"11210","en",NA,NA,"afferent nerve fibre",NA,NA,NA,NA,NA
"555","555",NA,"12924","en",NA,NA,"nonmyelinated nerve fibre",NA,NA,NA,NA,NA
"556","556",NA,"12948","en",NA,NA,"nonmyelinated nerve fibre",NA,NA,NA,NA,NA
"557","557",NA,"11211","en",NA,NA,"efferent nerve fibre",NA,NA,NA,NA,NA
"558","558",NA,"10735","en",NA,NA,"fibroblast",NA,NA,NA,NA,NA
"559","559",NA,"12831","en",NA,NA,"fibroblast",NA,NA,NA,NA,NA
"560","560",NA,"12000","en",NA,NA,"liver",NA,NA,NA,NA,NA
"561","561",NA,"10365","en",NA,NA,"microfilament",NA,NA,NA,NA,NA
"562","562",NA,"13672","en",NA,NA,"muscle spindle",NA,NA,NA,NA,NA
"563","563",NA,"13618","en",NA,NA,"ganglion",NA,NA,NA,NA,NA
"564","564",NA,"13626","en",NA,NA,"autonomic ganglion",NA,NA,NA,NA,NA
"565","565",NA,"12944","en",NA,NA,"pineal gland",NA,NA,NA,NA,NA
"566","566",NA,"12914","en",NA,NA,"infundibulum",NA,NA,NA,NA,NA
"567","567",NA,"10129","en",NA,NA,"gap junction",NA,NA,NA,NA,NA
"568","568",NA,"10112","en",NA,NA,"tight junction",NA,NA,NA,NA,NA
"569","569",NA,"12628","en",NA,NA,"tight junction",NA,NA,NA,NA,NA
"570","570",NA,"11766","en",NA,NA,"tongue",NA,NA,NA,NA,NA
"571","571",NA,"10957","en",NA,NA,"lymphocyte",NA,NA,NA,NA,NA
"572","572",NA,"10742","en",NA,NA,"macrophage",NA,NA,NA,NA,NA
"573","573",NA,"13368","en",NA,NA,"spinal cord",NA,NA,NA,NA,NA
"574","574",NA,"10747","en",NA,NA,"mast cell",NA,NA,NA,NA,NA
"575","575",NA,"10754","en",NA,NA,"extracellular matrix",NA,NA,NA,NA,NA
"576","576",NA,"10753","en",NA,NA,"melanocyte",NA,NA,NA,NA,NA
"577","577",NA,"13746","en",NA,NA,"melanocyte",NA,NA,NA,NA,NA
"578","578",NA,"14091","en",NA,NA,"melanocyte",NA,NA,NA,NA,NA
"579","579",NA,"14146","en",NA,NA,"melanocyte",NA,NA,NA,NA,NA
"580","580",NA,"10532","en",NA,NA,"basement membrane",NA,NA,NA,NA,NA
"581","581",NA,"13325","en",NA,NA,"meninges",NA,NA,NA,NA,NA
"582","582",NA,"11378","en",NA,NA,"mesaxon",NA,NA,NA,NA,NA
"583","583",NA,"10354","en",NA,NA,"microtubule",NA,NA,NA,NA,NA
"584","584",NA,"10078","en",NA,NA,"microvillus",NA,NA,NA,NA,NA
"585","585",NA,"10223","en",NA,NA,"mitochondrion",NA,NA,NA,NA,NA
"586","586",NA,"10970","en",NA,NA,"monocyte",NA,NA,NA,NA,NA
"587","587",NA,"11881","en",NA,NA,"lamina muscularis of mucosa",NA,NA,NA,NA,NA
"588","588",NA,"11913","en",NA,NA,"muscularis mucosae",NA,NA,NA,NA,NA
"589","589",NA,"11941","en",NA,NA,"muscularis mucosae",NA,NA,NA,NA,NA
"590","590",NA,"11968","en",NA,NA,"muscularis mucosae",NA,NA,NA,NA,NA
"591","591",NA,"13603","en",NA,NA,"nerve",NA,NA,NA,NA,NA
"592","592",NA,"11201","en",NA,NA,"neurofibril",NA,NA,NA,NA,NA
"593","593",NA,"10249","en",NA,NA,"neurofilament",NA,NA,NA,NA,NA
"594","594",NA,"11195","en",NA,NA,"neuron",NA,NA,NA,NA,NA
"595","595",NA,"11249","en",NA,NA,"bipolar neuron",NA,NA,NA,NA,NA
"596","596",NA,"11254","en",NA,NA,"motor neuron",NA,NA,NA,NA,NA
"597","597",NA,"11250","en",NA,NA,"multipolar neuron",NA,NA,NA,NA,NA
"598","598",NA,"11310","en",NA,NA,"neurotransmitter",NA,NA,NA,NA,NA
"599","599",NA,"10973","en",NA,NA,"neutrophilic granulocyte",NA,NA,NA,NA,NA
"600","600",NA,"10205","en",NA,NA,"nucleolus",NA,NA,NA,NA,NA
"601","601",NA,"10005","en",NA,NA,"nucleus",NA,NA,NA,NA,NA
"602","602",NA,"11714","en",NA,NA,"odontoblast",NA,NA,NA,NA,NA
"603","603",NA,"11357","en",NA,NA,"oligodendrocyte",NA,NA,NA,NA,NA
"604","604",NA,"11546","en",NA,NA,"palate",NA,NA,NA,NA,NA
"605","605",NA,"12061","en",NA,NA,"pancreas",NA,NA,NA,NA,NA
"606","606",NA,"10529","en",NA,NA,"parenchyma",NA,NA,NA,NA,NA
"607","607",NA,"11198","en",NA,NA,"nerve cell body",NA,NA,NA,NA,NA
"608","608",NA,"13109","en",NA,NA,"pericyte",NA,NA,NA,NA,NA
"609","609",NA,"13612","en",NA,NA,"perineurium",NA,NA,NA,NA,NA
"610","610",NA,"10863","en",NA,NA,"periosteum",NA,NA,NA,NA,NA
"611","611",NA,"13354","en",NA,NA,"pia mater",NA,NA,NA,NA,NA
"612","612",NA,"10310","en",NA,NA,"pinocytosis",NA,NA,NA,NA,NA
"613","613",NA,"11000","en",NA,NA,"plasma",NA,NA,NA,NA,NA
"614","614",NA,"10017","en",NA,NA,"plasmalemma",NA,NA,NA,NA,NA
"615","615",NA,"13361","en",NA,NA,"choroid plexus",NA,NA,NA,NA,NA
"616","616",NA,"10263","en",NA,NA,"polyribosome",NA,NA,NA,NA,NA
"617","617",NA,"11282","en",NA,NA,"receptor",NA,NA,NA,NA,NA
"618","618",NA,"10244","en",NA,NA,"endoplasmic reticulum",NA,NA,NA,NA,NA
"619","619",NA,"10256","en",NA,NA,"smooth endoplasmic reticulum",NA,NA,NA,NA,NA
"620","620",NA,"10254","en",NA,NA,"rough endoplasmic reticulum",NA,NA,NA,NA,NA
"621","621",NA,"11300","en",NA,NA,"synapse",NA,NA,NA,NA,NA
"622","622",NA,"11272","en",NA,NA,"axodendritic synapse",NA,NA,NA,NA,NA
"623","623",NA,"11276","en",NA,NA,"axosomatic synapse",NA,NA,NA,NA,NA
"624","624",NA,"13306","en",NA,NA,"nervous system",NA,NA,NA,NA,NA
"625","625",NA,"13307","en",NA,NA,"central nervous system",NA,NA,NA,NA,NA
"626","626",NA,"12089","en",NA,NA,"respiratory system",NA,NA,NA,NA,NA
"627","627",NA,"12233","en",NA,NA,"urinary system",NA,NA,NA,NA,NA
"628","628",NA,"13337","en",NA,NA,"subarachnoid space",NA,NA,NA,NA,NA
"629","629",NA,"11235","en",NA,NA,"dendritic spine",NA,NA,NA,NA,NA
"630","630",NA,"11390","en",NA,NA,"myelin sheath gap",NA,NA,NA,NA,NA
"631","631",NA,"13392","en",NA,NA,"granular layer",NA,NA,NA,NA,NA
"632","632",NA,"13406","en",NA,NA,"molecular layer",NA,NA,NA,NA,NA
"633","633",NA,"10530","en",NA,NA,"stroma",NA,NA,NA,NA,NA
"634","634",NA,"13309","en",NA,NA,"white matter",NA,NA,NA,NA,NA
"635","635",NA,"13308","en",NA,NA,"grey matter",NA,NA,NA,NA,NA
"636","636",NA,"11382","en",NA,NA,"myelin sheath",NA,NA,NA,NA,NA
"637","637",NA,"14090","en",NA,NA,"nerve ending",NA,NA,NA,NA,NA
"638","638",NA,"11269","en",NA,NA,"nerve endings",NA,NA,NA,NA,NA
"639","639",NA,"10800","en",NA,NA,"adipose tissue",NA,NA,NA,NA,NA
"640","640",NA,"10785","en",NA,NA,"dense connective tissue",NA,NA,NA,NA,NA
"641","641",NA,"11720","en",NA,NA,"dense connective tissue",NA,NA,NA,NA,NA
"642","642",NA,"10784","en",NA,NA,"loose connective tissue",NA,NA,NA,NA,NA
"643","643",NA,"12721","en",NA,NA,"smooth muscular tissue",NA,NA,NA,NA,NA
"644","644",NA,"11193","en",NA,NA,"nerve tissue",NA,NA,NA,NA,NA
"645","645",NA,"10839","en",NA,NA,"bone tissue",NA,NA,NA,NA,NA
"646","646",NA,"10317","en",NA,NA,"pinocytotic vesicle",NA,NA,NA,NA,NA
"647","647",NA,"13342","en",NA,NA,"arachnoid villus",NA,NA,NA,NA,NA
"648","648",NA,"10120","en",NA,NA,"desmosome",NA,NA,NA,NA,NA
"649","649",NA,"10228","en",NA,NA,"thin myofilament",NA,NA,NA,NA,NA
"650","650",NA,"10571","en",NA,NA,"thin myofilament",NA,NA,NA,NA,NA
"651","651",NA,"11168","en",NA,NA,"desmosome",NA,NA,NA,NA,NA
"652","652",NA,"12213","en",NA,NA,"collagen fibre",NA,NA,NA,NA,NA
"653","653",NA,"10570","en",NA,NA,"gap junction",NA,NA,NA,NA,NA
"654","654",NA,"10817","en",NA,NA,"collagen fibre",NA,NA,NA,NA,NA
"655","655",NA,"11725","en",NA,NA,"periodontal ligament",NA,NA,NA,NA,NA
"656","656",NA,"12945","en",NA,NA,"pinealocyte",NA,NA,NA,NA,NA
"657","657",NA,"12967","en",NA,NA,"pale principal cell",NA,NA,NA,NA,NA
"658","658",NA,"12969","en",NA,NA,"parathyroid oxyphil cell",NA,NA,NA,NA,NA
"659","659",NA,"13290","en",NA,NA,"splenic lymphoid nodule",NA,NA,NA,NA,NA
"660","660",NA,"13494","en",NA,NA,"basket cell",NA,NA,NA,NA,NA
"661","661",NA,"11083","en",NA,NA,"muscle cell",NA,NA,NA,NA,NA
"662","662",NA,"11299","en",NA,NA,"neuroglia",NA,NA,NA,NA,NA
"663","663",NA,"13376","en",NA,NA,"brain",NA,NA,NA,NA,NA
"664","664",NA,"11204","en",NA,NA,"nerve fibre",NA,NA,NA,NA,NA
"665","665",NA,"13620","en",NA,NA,"sensory ganglion",NA,NA,NA,NA,NA
"666","666",NA,"11602","en",NA,NA,"salivary glands",NA,NA,NA,NA,NA
"667","667",NA,"10344","en",NA,NA,"glycogen granule",NA,NA,NA,NA,NA
"668","668",NA,"11389","en",NA,NA,"myelin cleft",NA,NA,NA,NA,NA
"669","669",NA,"13313","en",NA,NA,"blood cerebrospinal fluid barrier",NA,NA,NA,NA,NA
"670","670",NA,"13694","en",NA,NA,"melanocyte",NA,NA,NA,NA,NA
"671","671",NA,"11209","en",NA,NA,"sensory nerve fibre",NA,NA,NA,NA,NA
"672","672",NA,"11260","en",NA,NA,"interneuron",NA,NA,NA,NA,NA
"673","673",NA,"12414","en",NA,NA,"genital systems",NA,NA,NA,NA,NA
"674","674",NA,"13610","en",NA,NA,"autonomic neural plexus",NA,NA,NA,NA,NA
"675","675",NA,"11821","en",NA,NA,"alimentary canal",NA,NA,NA,NA,NA
"676","676",NA,"12983","en",NA,NA,"medulla",NA,NA,NA,NA,NA
"677","677",NA,"12450","en",NA,NA,"follicular antrum",NA,NA,NA,NA,NA
"678","678",NA,"12462","en",NA,NA,"follicular stigma",NA,NA,NA,NA,NA
"679","679",NA,"12485","en",NA,NA,"first polar body",NA,NA,NA,NA,NA
"680","680",NA,"12808","en",NA,NA,"stroma",NA,NA,NA,NA,NA
"681","681",NA,"12836","en",NA,NA,"tunica albuginea of corpus spongiosum",NA,NA,NA,NA,NA
"682","682",NA,"12974","en",NA,NA,"cortex",NA,NA,NA,NA,NA
"683","683",NA,"13180","en",NA,NA,"nodular dendritic cell",NA,NA,NA,NA,NA
"684","684",NA,"13264","en",NA,NA,"internodular sinus",NA,NA,NA,NA,NA
"685","685",NA,"13661","en",NA,NA,"tactile corpuscle",NA,NA,NA,NA,NA
"686","686",NA,"13609","en",NA,NA,"postganglionic nerve fibre",NA,NA,NA,NA,NA
"687","687",NA,"13608","en",NA,NA,"preganglionic nerve fibre",NA,NA,NA,NA,NA
"688","688",NA,"10302","en",NA,NA,"secretory vacuole vesicle",NA,NA,NA,NA,NA
"689","689",NA,"10348","en",NA,NA,"fat inclusion",NA,NA,NA,NA,NA
"690","690",NA,"10014","en",NA,NA,"cytosol",NA,NA,NA,NA,NA
"691","691",NA,"10015","en",NA,NA,"organelles",NA,NA,NA,NA,NA
"692","692",NA,"10050","en",NA,NA,"polyhedral cell",NA,NA,NA,NA,NA
"693","693",NA,"10054","en",NA,NA,"squamous cell",NA,NA,NA,NA,NA
"694","694",NA,"10057","en",NA,NA,"glycocalyx",NA,NA,NA,NA,NA
"695","695",NA,"10084","en",NA,NA,"stereocilium",NA,NA,NA,NA,NA
"696","696",NA,"10085","en",NA,NA,"cilium",NA,NA,NA,NA,NA
"697","697",NA,"10090","en",NA,NA,"central microbutule",NA,NA,NA,NA,NA
"698","698",NA,"10104","en",NA,NA,"flagellum",NA,NA,NA,NA,NA
"699","699",NA,"10106","en",NA,NA,"intercellular junctions",NA,NA,NA,NA,NA
"700","700",NA,"10134","en",NA,NA,"hemidesmosome",NA,NA,NA,NA,NA
"701","701",NA,"10157","en",NA,NA,"pyknotic nucleus",NA,NA,NA,NA,NA
"702","702",NA,"10160","en",NA,NA,"spherical nucleus",NA,NA,NA,NA,NA
"703","703",NA,"10186","en",NA,NA,"chromatin",NA,NA,NA,NA,NA
"704","704",NA,"10260","en",NA,NA,"ribosome",NA,NA,NA,NA,NA
"705","705",NA,"10277","en",NA,NA,"lysosome",NA,NA,NA,NA,NA
"706","706",NA,"10293","en",NA,NA,"telolysosome",NA,NA,NA,NA,NA
"707","707",NA,"10296","en",NA,NA,"peroxisome",NA,NA,NA,NA,NA
"708","708",NA,"10298","en",NA,NA,"peroxisomal matrix",NA,NA,NA,NA,NA
"709","709",NA,"10299","en",NA,NA,"exocytosis",NA,NA,NA,NA,NA
"710","710",NA,"10309","en",NA,NA,"endocytosis",NA,NA,NA,NA,NA
"711","711",NA,"10331","en",NA,NA,"phagosome",NA,NA,NA,NA,NA
"712","712",NA,"10335","en",NA,NA,"residual body",NA,NA,NA,NA,NA
"713","713",NA,"10363","en",NA,NA,"cilium",NA,NA,NA,NA,NA
"714","714",NA,"10364","en",NA,NA,"flagellum",NA,NA,NA,NA,NA
"715","715",NA,"10370","en",NA,NA,"myosin",NA,NA,NA,NA,NA
"716","716",NA,"10396","en",NA,NA,"interphase",NA,NA,NA,NA,NA
"717","717",NA,"10422","en",NA,NA,"mitosis",NA,NA,NA,NA,NA
"718","718",NA,"10428","en",NA,NA,"prophase",NA,NA,NA,NA,NA
"719","719",NA,"10432","en",NA,NA,"metaphase",NA,NA,NA,NA,NA
"720","720",NA,"10442","en",NA,NA,"chromosome",NA,NA,NA,NA,NA
"721","721",NA,"10531","en",NA,NA,"capsule",NA,NA,NA,NA,NA
"722","722",NA,"10572","en",NA,NA,"epithelial tissue",NA,NA,NA,NA,NA
"723","723",NA,"10573","en",NA,NA,"epithelium",NA,NA,NA,NA,NA
"724","724",NA,"10578","en",NA,NA,"apical pole",NA,NA,NA,NA,NA
"725","725",NA,"10579","en",NA,NA,"basal pole",NA,NA,NA,NA,NA
"726","726",NA,"10581","en",NA,NA,"apical surface",NA,NA,NA,NA,NA
"727","727",NA,"10624","en",NA,NA,"mesothelium",NA,NA,NA,NA,NA
"728","728",NA,"10656","en",NA,NA,"gland",NA,NA,NA,NA,NA
"729","729",NA,"10658","en",NA,NA,"apocrine secretion",NA,NA,NA,NA,NA
"730","730",NA,"10661","en",NA,NA,"exocrine secretion",NA,NA,NA,NA,NA
"731","731",NA,"10668","en",NA,NA,"exocrine gland",NA,NA,NA,NA,NA
"732","732",NA,"10670","en",NA,NA,"goblet cell",NA,NA,NA,NA,NA
"733","733",NA,"10676","en",NA,NA,"simple tubular gland",NA,NA,NA,NA,NA
"734","734",NA,"10677","en",NA,NA,"branched tubular gland",NA,NA,NA,NA,NA
"735","735",NA,"10687","en",NA,NA,"compound tubulo-acinar gland",NA,NA,NA,NA,NA
"736","736",NA,"10704","en",NA,NA,"acinus",NA,NA,NA,NA,NA
"737","737",NA,"10707","en",NA,NA,"myoepithelial cell",NA,NA,NA,NA,NA
"738","738",NA,"10713","en",NA,NA,"myo-epithelial cell",NA,NA,NA,NA,NA
"739","739",NA,"10726","en",NA,NA,"endocrine gland",NA,NA,NA,NA,NA
"740","740",NA,"10739","en",NA,NA,"plasmocyte",NA,NA,NA,NA,NA
"741","741",NA,"10751","en",NA,NA,"pigmented cell",NA,NA,NA,NA,NA
"742","742",NA,"10758","en",NA,NA,"proteoglycan",NA,NA,NA,NA,NA
"743","743",NA,"10759","en",NA,NA,"collagen",NA,NA,NA,NA,NA
"744","744",NA,"10760","en",NA,NA,"procollagen",NA,NA,NA,NA,NA
"745","745",NA,"10765","en",NA,NA,"tropocollagen",NA,NA,NA,NA,NA
"746","746",NA,"10776","en",NA,NA,"elastin",NA,NA,NA,NA,NA
"747","747",NA,"10941","en",NA,NA,"blood cells",NA,NA,NA,NA,NA
"748","748",NA,"11036","en",NA,NA,"erythroblast",NA,NA,NA,NA,NA
"749","749",NA,"11092","en",NA,NA,"actin",NA,NA,NA,NA,NA
"750","750",NA,"11099","en",NA,NA,"desmin",NA,NA,NA,NA,NA
"751","751",NA,"11886","en",NA,NA,"myo-epithelial cell",NA,NA,NA,NA,NA
"752","752",NA,"11905","en",NA,NA,"zymogen granule",NA,NA,NA,NA,NA
"753","753",NA,"11929","en",NA,NA,"glycocalyx",NA,NA,NA,NA,NA
"754","754",NA,"12067","en",NA,NA,"zymogen granule",NA,NA,NA,NA,NA
"755","755",NA,"12111","en",NA,NA,"myoepithelial cell",NA,NA,NA,NA,NA
"756","756",NA,"14103","en",NA,NA,"papilla",NA,NA,NA,NA,NA
"757","757",NA,"10035","en",NA,NA,"stem cell",NA,NA,NA,NA,NA
"758","758",NA,"10086","en",NA,NA,"motile cilium",NA,NA,NA,NA,NA
"759","759",NA,"10096","en",NA,NA,"dynein",NA,NA,NA,NA,NA
"760","760",NA,"10142","en",NA,NA,"nucleus",NA,NA,NA,NA,NA
"761","761",NA,"10187","en",NA,NA,"heterochromatin",NA,NA,NA,NA,NA
"762","762",NA,"10217","en",NA,NA,"cytocentre",NA,NA,NA,NA,NA
"763","763",NA,"10274","en",NA,NA,"golgi vesicle",NA,NA,NA,NA,NA
"764","764",NA,"10314","en",NA,NA,"phagocytosis",NA,NA,NA,NA,NA
"765","765",NA,"10355","en",NA,NA,"tubulin",NA,NA,NA,NA,NA
"766","766",NA,"10361","en",NA,NA,"dynein",NA,NA,NA,NA,NA
"767","767",NA,"10384","en",NA,NA,"tonofilament",NA,NA,NA,NA,NA
"768","768",NA,"10385","en",NA,NA,"tonofibril",NA,NA,NA,NA,NA
"769","769",NA,"10540","en",NA,NA,"hyperplasia",NA,NA,NA,NA,NA
"770","770",NA,"10541","en",NA,NA,"hypertrophy",NA,NA,NA,NA,NA
"771","771",NA,"10545","en",NA,NA,"metaplasia",NA,NA,NA,NA,NA
"772","772",NA,"10736","en",NA,NA,"fibrocyte",NA,NA,NA,NA,NA
"773","773",NA,"10750","en",NA,NA,"myofibroblast",NA,NA,NA,NA,NA
"774","774",NA,"10756","en",NA,NA,"glycosaminoglycan",NA,NA,NA,NA,NA
"775","775",NA,"10793","en",NA,NA,"ligaments",NA,NA,NA,NA,NA
"776","776",NA,"10807","en",NA,NA,"chondrocyte",NA,NA,NA,NA,NA
"777","777",NA,"10829","en",NA,NA,"elastic cartilage",NA,NA,NA,NA,NA
"778","778",NA,"10830","en",NA,NA,"perichondrium",NA,NA,NA,NA,NA
"779","779",NA,"10843","en",NA,NA,"osteocyte",NA,NA,NA,NA,NA
"780","780",NA,"10845","en",NA,NA,"osteoclast",NA,NA,NA,NA,NA
"781","781",NA,"10902","en",NA,NA,"ossification",NA,NA,NA,NA,NA
"782","782",NA,"10947","en",NA,NA,"anisocytosis",NA,NA,NA,NA,NA
"783","783",NA,"10956","en",NA,NA,"leucocyte",NA,NA,NA,NA,NA
"784","784",NA,"10958","en",NA,NA,"azurophilic granule",NA,NA,NA,NA,NA
"785","785",NA,"10990","en",NA,NA,"platelet",NA,NA,NA,NA,NA
"786","786",NA,"11003","en",NA,NA,"chylomicron",NA,NA,NA,NA,NA
"787","787",NA,"11033","en",NA,NA,"sinusoid",NA,NA,NA,NA,NA
"788","788",NA,"11042","en",NA,NA,"myeloblast",NA,NA,NA,NA,NA
"789","789",NA,"11044","en",NA,NA,"myelocyte",NA,NA,NA,NA,NA
"790","790",NA,"11057","en",NA,NA,"megakaryocyte",NA,NA,NA,NA,NA
"791","791",NA,"11075","en",NA,NA,"bone marrow",NA,NA,NA,NA,NA
"792","792",NA,"11078","en",NA,NA,"red bone marrow",NA,NA,NA,NA,NA
"793","793",NA,"11087","en",NA,NA,"myofilament",NA,NA,NA,NA,NA
"794","794",NA,"11088","en",NA,NA,"myofibril",NA,NA,NA,NA,NA
"795","795",NA,"11089","en",NA,NA,"sarcomere",NA,NA,NA,NA,NA
"796","796",NA,"11108","en",NA,NA,"tropomyosin",NA,NA,NA,NA,NA
"797","797",NA,"11125","en",NA,NA,"myofilament",NA,NA,NA,NA,NA
"798","798",NA,"11188","en",NA,NA,"myoblast",NA,NA,NA,NA,NA
"799","799",NA,"11215","en",NA,NA,"axoplasm",NA,NA,NA,NA,NA
"800","800",NA,"11305","en",NA,NA,"microglia",NA,NA,NA,NA,NA
"801","801",NA,"11306","en",NA,NA,"synaptic vesicle",NA,NA,NA,NA,NA
"802","802",NA,"11813","en",NA,NA,"respiratory epithelium",NA,NA,NA,NA,NA
"803","803",NA,"11877","en",NA,NA,"dendritic cell",NA,NA,NA,NA,NA
"804","804",NA,"12149","en",NA,NA,"trachea",NA,NA,NA,NA,NA
"805","805",NA,"12161","en",NA,NA,"tracheal cartilages",NA,NA,NA,NA,NA
"806","806",NA,"12163","en",NA,NA,"adventitial layer",NA,NA,NA,NA,NA
"807","807",NA,"12165","en",NA,NA,"bronchus",NA,NA,NA,NA,NA
"808","808",NA,"12180","en",NA,NA,"bronchiole",NA,NA,NA,NA,NA
"809","809",NA,"12418","en",NA,NA,"ovary",NA,NA,NA,NA,NA
"810","810",NA,"12421","en",NA,NA,"tunica albuginea",NA,NA,NA,NA,NA
"811","811",NA,"12613","en",NA,NA,"tunica albuginea",NA,NA,NA,NA,NA
"812","812",NA,"12818","en",NA,NA,"penis",NA,NA,NA,NA,NA
"813","813",NA,"12835","en",NA,NA,"corpus spongiosum of penis",NA,NA,NA,NA,NA
"814","814",NA,"12435","en",NA,NA,"primary ovarian follicle",NA,NA,NA,NA,NA
"815","815",NA,"12440","en",NA,NA,"secondary ovarian follicle",NA,NA,NA,NA,NA
"816","816",NA,"12460","en",NA,NA,"corona radiata",NA,NA,NA,NA,NA
"817","817",NA,"12461","en",NA,NA,"secondary oocyte",NA,NA,NA,NA,NA
"818","818",NA,"12827","en",NA,NA,"corpus cavernosum of penis",NA,NA,NA,NA,NA
"819","819",NA,"12828","en",NA,NA,"tunica albuginea of corpus cavernosum",NA,NA,NA,NA,NA
"820","820",NA,"13263","en",NA,NA,"subcapsular sinus",NA,NA,NA,NA,NA
"821","821",NA,"13271","en",NA,NA,"medullary sinus",NA,NA,NA,NA,NA
"822","822",NA,"10655","en",NA,NA,"glandular epithelium",NA,NA,NA,NA,NA
"823","823",NA,"10046","en",NA,NA,"dendritic cell",NA,NA,NA,NA,NA
"824","824",NA,"10597","en",NA,NA,"serous cell",NA,NA,NA,NA,NA
"825","825",NA,"10869","en",NA,NA,"endosteum",NA,NA,NA,NA,NA
"826","826",NA,"11408","en",NA,NA,"joints",NA,NA,NA,NA,NA
"827","827",NA,"11436","en",NA,NA,"nucleus pulposus",NA,NA,NA,NA,NA
"828","828",NA,"11477","en",NA,NA,"muscle spindle",NA,NA,NA,NA,NA
"829","829",NA,"11525","en",NA,NA,"sebaceous gland",NA,NA,NA,NA,NA
"830","830",NA,"11552","en",NA,NA,"soft palate",NA,NA,NA,NA,NA
"831","831",NA,"11559","en",NA,NA,"submucosa",NA,NA,NA,NA,NA
"832","832",NA,"11562","en",NA,NA,"gingiva",NA,NA,NA,NA,NA
"833","833",NA,"11571","en",NA,NA,"gingival sulcus",NA,NA,NA,NA,NA
"834","834",NA,"11604","en",NA,NA,"parotid gland",NA,NA,NA,NA,NA
"835","835",NA,"11605","en",NA,NA,"sublingual gland",NA,NA,NA,NA,NA
"836","836",NA,"11607","en",NA,NA,"minor salivary glands",NA,NA,NA,NA,NA
"837","837",NA,"11635","en",NA,NA,"mucous cell",NA,NA,NA,NA,NA
"838","838",NA,"11654","en",NA,NA,"crown",NA,NA,NA,NA,NA
"839","839",NA,"11655","en",NA,NA,"neck",NA,NA,NA,NA,NA
"840","840",NA,"11657","en",NA,NA,"pulp cavity",NA,NA,NA,NA,NA
"841","841",NA,"11660","en",NA,NA,"root canal",NA,NA,NA,NA,NA
"842","842",NA,"11662","en",NA,NA,"apical foramen",NA,NA,NA,NA,NA
"843","843",NA,"11663","en",NA,NA,"enamel",NA,NA,NA,NA,NA
"844","844",NA,"11677","en",NA,NA,"dentine",NA,NA,NA,NA,NA
"845","845",NA,"11678","en",NA,NA,"dentinal tubule",NA,NA,NA,NA,NA
"846","846",NA,"11680","en",NA,NA,"odontoblast process",NA,NA,NA,NA,NA
"847","847",NA,"11694","en",NA,NA,"predentine",NA,NA,NA,NA,NA
"848","848",NA,"11701","en",NA,NA,"cement",NA,NA,NA,NA,NA
"849","849",NA,"11712","en",NA,NA,"dental pulp",NA,NA,NA,NA,NA
"850","850",NA,"11732","en",NA,NA,"tooth alveolus",NA,NA,NA,NA,NA
"851","851",NA,"12296","en",NA,NA,"slit diaphragm",NA,NA,NA,NA,NA
"852","852",NA,"12965","en",NA,NA,"parathyroid gland",NA,NA,NA,NA,NA
"853","853",NA,"13935","en",NA,NA,"bony labyrinth",NA,NA,NA,NA,NA
"854","854",NA,"13939","en",NA,NA,"perilymph",NA,NA,NA,NA,NA
"855","855",NA,"13941","en",NA,NA,"osseous spiral lamina",NA,NA,NA,NA,NA
"856","856",NA,"13942","en",NA,NA,"modiolus",NA,NA,NA,NA,NA
"857","857",NA,"13946","en",NA,NA,"endolymph",NA,NA,NA,NA,NA
"858","858",NA,"11325","en",NA,NA,"postsynaptic region",NA,NA,NA,NA,NA
"859","859",NA,"11606","en",NA,NA,"submandibular gland",NA,NA,NA,NA,NA
"860","860",NA,"12152","en",NA,NA,"neuroepithelial body",NA,NA,NA,NA,NA
"861","861",NA,"13071","en",NA,NA,"blood and lymph vessels",NA,NA,NA,NA,NA
"862","862",NA,"10600","en",NA,NA,"endocrine cell",NA,NA,NA,NA,NA
"863","863",NA,"10605","en",NA,NA,"surface epithelium",NA,NA,NA,NA,NA
"864","864",NA,"10626","en",NA,NA,"simple cuboidal epithelium",NA,NA,NA,NA,NA
"865","865",NA,"10627","en",NA,NA,"simple columnar epithelium",NA,NA,NA,NA,NA
"866","866",NA,"10628","en",NA,NA,"pseudostratified columnar epithelium",NA,NA,NA,NA,NA
"867","867",NA,"10632","en",NA,NA,"nonkeratinized stratified squamous epithelium",NA,NA,NA,NA,NA
"868","868",NA,"12092","en",NA,NA,"pseudostratified ciliated columnar epithelium",NA,NA,NA,NA,NA
"869","869",NA,"12764","en",NA,NA,"lipofuscin granule",NA,NA,NA,NA,NA
"870","870",NA,"13081","en",NA,NA,"artery",NA,NA,NA,NA,NA
"871","871",NA,"13082","en",NA,NA,"intima",NA,NA,NA,NA,NA
"872","872",NA,"13083","en",NA,NA,"vascular endothelium",NA,NA,NA,NA,NA
"873","873",NA,"14075","en",NA,NA,"stratum basale",NA,NA,NA,NA,NA
"874","874",NA,"10026","en",NA,NA,"multinucleate cell",NA,NA,NA,NA,NA
"875","875",NA,"12422","en",NA,NA,"ovarian cortex",NA,NA,NA,NA,NA
"876","876",NA,"12423","en",NA,NA,"ovarian stroma",NA,NA,NA,NA,NA
"877","877",NA,"12425","en",NA,NA,"ovarian medulla",NA,NA,NA,NA,NA
"878","878",NA,"12428","en",NA,NA,"primordial ovarian follicle",NA,NA,NA,NA,NA
"879","879",NA,"12436","en",NA,NA,"zona pellucida",NA,NA,NA,NA,NA
"880","880",NA,"12444","en",NA,NA,"follicular theca",NA,NA,NA,NA,NA
"881","881",NA,"12448","en",NA,NA,"granulosa cell",NA,NA,NA,NA,NA
"882","882",NA,"12451","en",NA,NA,"follicular fluid",NA,NA,NA,NA,NA
"883","883",NA,"12458","en",NA,NA,"mature ovarian follicle",NA,NA,NA,NA,NA
"884","884",NA,"12459","en",NA,NA,"cumulus oophorus",NA,NA,NA,NA,NA
"885","885",NA,"12465","en",NA,NA,"corpus luteum",NA,NA,NA,NA,NA
"886","886",NA,"12469","en",NA,NA,"granulosa lutein cell",NA,NA,NA,NA,NA
"887","887",NA,"12470","en",NA,NA,"theca lutein cell",NA,NA,NA,NA,NA
"888","888",NA,"12472","en",NA,NA,"corpus albicans",NA,NA,NA,NA,NA
"889","889",NA,"13178","en",NA,NA,"lymphoid tissue",NA,NA,NA,NA,NA
"890","890",NA,"13183","en",NA,NA,"thymus",NA,NA,NA,NA,NA
"891","891",NA,"13243","en",NA,NA,"bronchus associated lymphoid tissue [balt]",NA,NA,NA,NA,NA
"892","892",NA,"13245","en",NA,NA,"mucosa associated lymphoid tissue [malt]",NA,NA,NA,NA,NA
"893","893",NA,"13283","en",NA,NA,"splenic trabecula",NA,NA,NA,NA,NA
"894","894",NA,"13286","en",NA,NA,"white pulp",NA,NA,NA,NA,NA
"895","895",NA,"13287","en",NA,NA,"marginal zone of white pulp",NA,NA,NA,NA,NA
"896","896",NA,"13292","en",NA,NA,"red pulp",NA,NA,NA,NA,NA
"897","897",NA,"13295","en",NA,NA,"penicillar arteriole",NA,NA,NA,NA,NA
"898","898",NA,"13302","en",NA,NA,"splenic cord",NA,NA,NA,NA,NA
"899","899",NA,"13305","en",NA,NA,"tonsil",NA,NA,NA,NA,NA
"900","900",NA,"13687","en",NA,NA,"eyeball",NA,NA,NA,NA,NA
"901","901",NA,"13690","en",NA,NA,"sclera",NA,NA,NA,NA,NA
"902","902",NA,"13699","en",NA,NA,"cornea",NA,NA,NA,NA,NA
"903","903",NA,"13711","en",NA,NA,"choroid",NA,NA,NA,NA,NA
"904","904",NA,"13723","en",NA,NA,"ciliary body",NA,NA,NA,NA,NA
"905","905",NA,"13726","en",NA,NA,"ciliary process",NA,NA,NA,NA,NA
"906","906",NA,"13728","en",NA,NA,"ora serrata",NA,NA,NA,NA,NA
"907","907",NA,"13730","en",NA,NA,"ciliary muscle",NA,NA,NA,NA,NA
"908","908",NA,"13736","en",NA,NA,"pigmented epithelium",NA,NA,NA,NA,NA
"909","909",NA,"13738","en",NA,NA,"iris",NA,NA,NA,NA,NA
"910","910",NA,"13748","en",NA,NA,"sphincter pupillae",NA,NA,NA,NA,NA
"911","911",NA,"13750","en",NA,NA,"pigment cell",NA,NA,NA,NA,NA
"912","912",NA,"13751","en",NA,NA,"dilator pupillae",NA,NA,NA,NA,NA
"913","913",NA,"13754","en",NA,NA,"retina",NA,NA,NA,NA,NA
"914","914",NA,"13770","en",NA,NA,"outer plexiform layer",NA,NA,NA,NA,NA
"915","915",NA,"13772","en",NA,NA,"inner plexiform layer",NA,NA,NA,NA,NA
"916","916",NA,"13776","en",NA,NA,"macula",NA,NA,NA,NA,NA
"917","917",NA,"13783","en",NA,NA,"rod cell",NA,NA,NA,NA,NA
"918","918",NA,"13799","en",NA,NA,"cone cell",NA,NA,NA,NA,NA
"919","919",NA,"13833","en",NA,NA,"amacrine cell",NA,NA,NA,NA,NA
"920","920",NA,"13853","en",NA,NA,"lens",NA,NA,NA,NA,NA
"921","921",NA,"13869","en",NA,NA,"aqueous humor",NA,NA,NA,NA,NA
"922","922",NA,"13870","en",NA,NA,"anterior chamber",NA,NA,NA,NA,NA
"923","923",NA,"13871","en",NA,NA,"posterior chamber",NA,NA,NA,NA,NA
"924","924",NA,"13872","en",NA,NA,"postremal chamber",NA,NA,NA,NA,NA
"925","925",NA,"13880","en",NA,NA,"eyelids",NA,NA,NA,NA,NA
"926","926",NA,"14068","en",NA,NA,"epidermis",NA,NA,NA,NA,NA
"927","927",NA,"14071","en",NA,NA,"stratum corneum",NA,NA,NA,NA,NA
"928","928",NA,"14072","en",NA,NA,"stratum lucidum",NA,NA,NA,NA,NA
"929","929",NA,"14073","en",NA,NA,"stratum granulosum",NA,NA,NA,NA,NA
"930","930",NA,"14074","en",NA,NA,"stratum spinosum",NA,NA,NA,NA,NA
"931","931",NA,"14078","en",NA,NA,"tonofibril",NA,NA,NA,NA,NA
"932","932",NA,"14079","en",NA,NA,"tonofilament",NA,NA,NA,NA,NA
"933","933",NA,"14083","en",NA,NA,"keratohyaline granule",NA,NA,NA,NA,NA
"934","934",NA,"14084","en",NA,NA,"keratin filament",NA,NA,NA,NA,NA
"935","935",NA,"14101","en",NA,NA,"dermis",NA,NA,NA,NA,NA
"936","936",NA,"14102","en",NA,NA,"papillary dermis",NA,NA,NA,NA,NA
"937","937",NA,"14104","en",NA,NA,"reticular dermis",NA,NA,NA,NA,NA
"938","938",NA,"14123","en",NA,NA,"hair",NA,NA,NA,NA,NA
"939","939",NA,"14142","en",NA,NA,"hair bulb",NA,NA,NA,NA,NA
"940","940",NA,"14156","en",NA,NA,"hair follicle",NA,NA,NA,NA,NA
"941","941",NA,"14176","en",NA,NA,"nail",NA,NA,NA,NA,NA
"942","942",NA,"14183","en",NA,NA,"eponychium",NA,NA,NA,NA,NA
"943","943",NA,"14184","en",NA,NA,"nail bed",NA,NA,NA,NA,NA
"944","944",NA,"14195","en",NA,NA,"nail matrix",NA,NA,NA,NA,NA
"945","945",NA,"14223","en",NA,NA,"sebum",NA,NA,NA,NA,NA
"946","946",NA,"10942","en",NA,NA,"erythrocyte",NA,NA,NA,NA,NA
"947","947",NA,"11799","en",NA,NA,"lymphoid nodule",NA,NA,NA,NA,NA
"948","948",NA,"12981","en",NA,NA,"spongy cortical adrenalocyte",NA,NA,NA,NA,NA
"949","949",NA,"12990","en",NA,NA,"pancreatic islet",NA,NA,NA,NA,NA
"950","950",NA,"12999","en",NA,NA,"carotid glomus",NA,NA,NA,NA,NA
"951","951",NA,"13050","en",NA,NA,"sinu-atrial node",NA,NA,NA,NA,NA
"952","952",NA,"13052","en",NA,NA,"atrioventricular node",NA,NA,NA,NA,NA
"953","953",NA,"13104","en",NA,NA,"capillary vessel",NA,NA,NA,NA,NA
"954","954",NA,"13155","en",NA,NA,"lymphatic capillary",NA,NA,NA,NA,NA
"955","955",NA,"13251","en",NA,NA,"lymph node",NA,NA,NA,NA,NA
"956","956",NA,"13257","en",NA,NA,"cortex",NA,NA,NA,NA,NA
"957","957",NA,"13701","en",NA,NA,"anterior limiting membrane",NA,NA,NA,NA,NA
"958","958",NA,"13704","en",NA,NA,"posterior limiting membrane",NA,NA,NA,NA,NA
"959","959",NA,"13713","en",NA,NA,"suprachoroidal lamina",NA,NA,NA,NA,NA
"960","960",NA,"13716","en",NA,NA,"choroidocapillary lamina",NA,NA,NA,NA,NA
"961","961",NA,"13717","en",NA,NA,"basal complex",NA,NA,NA,NA,NA
"962","962",NA,"13768","en",NA,NA,"outer limiting membrane",NA,NA,NA,NA,NA
"963","963",NA,"13775","en",NA,NA,"inner limiting membrane",NA,NA,NA,NA,NA
"964","964",NA,"14143","en",NA,NA,"dermal papilla",NA,NA,NA,NA,NA
"965","965",NA,"10079","en",NA,NA,"microvillous border",NA,NA,NA,NA,NA
"966","966",NA,"10637","en",NA,NA,"keratinized stratified squamous epithelium",NA,NA,NA,NA,NA
"967","967",NA,"10638","en",NA,NA,"stratified cuboidal epithelium",NA,NA,NA,NA,NA
"968","968",NA,"10639","en",NA,NA,"stratified columnar epithelium",NA,NA,NA,NA,NA
"969","969",NA,"10674","en",NA,NA,"simple gland",NA,NA,NA,NA,NA
"970","970",NA,"10675","en",NA,NA,"tubular gland",NA,NA,NA,NA,NA
"971","971",NA,"10679","en",NA,NA,"acinar gland",NA,NA,NA,NA,NA
"972","972",NA,"10961","en",NA,NA,"b lymphocyte",NA,NA,NA,NA,NA
"973","973",NA,"10964","en",NA,NA,"t lymphocyte",NA,NA,NA,NA,NA
"974","974",NA,"12009","en",NA,NA,"bile canaliculus",NA,NA,NA,NA,NA
"975","975",NA,"12014","en",NA,NA,"perisinusoidal cell",NA,NA,NA,NA,NA
"976","976",NA,"12015","en",NA,NA,"sinusoid",NA,NA,NA,NA,NA
"977","977",NA,"12019","en",NA,NA,"portal area",NA,NA,NA,NA,NA
"978","978",NA,"12068","en",NA,NA,"centroacinar cell",NA,NA,NA,NA,NA
"979","979",NA,"12069","en",NA,NA,"intercalated duct",NA,NA,NA,NA,NA
"980","980",NA,"12070","en",NA,NA,"intralobular duct",NA,NA,NA,NA,NA
"981","981",NA,"12071","en",NA,NA,"interlobular duct",NA,NA,NA,NA,NA
"982","982",NA,"13209","en",NA,NA,"helper t cell",NA,NA,NA,NA,NA
"983","983",NA,"13902","en",NA,NA,"ear",NA,NA,NA,NA,NA
"984","984",NA,"13904","en",NA,NA,"external ear",NA,NA,NA,NA,NA
"985","985",NA,"13910","en",NA,NA,"middle ear",NA,NA,NA,NA,NA
"986","986",NA,"13917","en",NA,NA,"tympanic membrane",NA,NA,NA,NA,NA
"987","987",NA,"13931","en",NA,NA,"pseudostratified epithelium",NA,NA,NA,NA,NA
"988","988",NA,"13934","en",NA,NA,"internal ear",NA,NA,NA,NA,NA
"989","989",NA,"13944","en",NA,NA,"membranous labyrinth",NA,NA,NA,NA,NA
"990","990",NA,"13948","en",NA,NA,"vestibular hair cell",NA,NA,NA,NA,NA
"991","991",NA,"13959","en",NA,NA,"macula of saccule",NA,NA,NA,NA,NA
"992","992",NA,"13960","en",NA,NA,"macula of utricule",NA,NA,NA,NA,NA
"993","993",NA,"13966","en",NA,NA,"crista ampullaris",NA,NA,NA,NA,NA
"994","994",NA,"13972","en",NA,NA,"endolymphatic sac",NA,NA,NA,NA,NA
"995","995",NA,"13995","en",NA,NA,"basilar membrane",NA,NA,NA,NA,NA
"996","996",NA,"14004","en",NA,NA,"tectorial membrane",NA,NA,NA,NA,NA
"997","997",NA,"14005","en",NA,NA,"vestibular membrane",NA,NA,NA,NA,NA
"998","998",NA,"14041","en",NA,NA,"outer hair cell",NA,NA,NA,NA,NA
"999","999",NA,"14229","en",NA,NA,"mammary gland",NA,NA,NA,NA,NA
"1000","1000",NA,"14230","en",NA,NA,"lobe",NA,NA,NA,NA,NA
"1001","2",NA,"13602","la",NA,NA,"systema nervosum periphericum",NA,NA,NA,NA,NA
"1002","17",NA,"13410","la",NA,NA,"neuron corbiferum",NA,NA,NA,NA,NA
"1003","21",NA,"10576","la",NA,NA,"cellula epithelialis",NA,NA,NA,NA,NA
"1004","31",NA,"11370","la",NA,NA,"neurolemmocytus",NA,NA,NA,NA,NA
"1005","41",NA,"14080","la",NA,NA,"desmosoma",NA,NA,NA,NA,NA
"1006","43",NA,"13326","la",NA,NA,"dura mater",NA,NA,NA,NA,NA
"1007","47",NA,"10980","la",NA,NA,"eosinophilus",NA,NA,NA,NA,NA
"1008","61",NA,"10365","la",NA,NA,"filamentum actini",NA,NA,NA,NA,NA
"1009","65",NA,"12944","la",NA,NA,"corpus pineale",NA,NA,NA,NA,NA
"1010","67",NA,"10129","la",NA,NA,"macula communicans",NA,NA,NA,NA,NA
"1011","67",NA,"10129","la",NA,NA,"synapsis non vesicularis",NA,NA,NA,NA,NA
"1012","67",NA,"10129","la",NA,NA,"synapsis electrica",NA,NA,NA,NA,NA
"1013","68",NA,"10112","la",NA,NA,"zonula occludens",NA,NA,NA,NA,NA
"1014","96",NA,"11254","la",NA,NA,"neuron motorium",NA,NA,NA,NA,NA
"1015","99",NA,"10973","la",NA,NA,"neutrophilus",NA,NA,NA,NA,NA
"1016","99",NA,"10973","la",NA,NA,"granulocytus neutrophilus segmentonuclearis",NA,NA,NA,NA,NA
"1017","102",NA,"11714","la",NA,NA,"odontoblastus",NA,NA,NA,NA,NA
"1018","107",NA,"11198","la",NA,NA,"neurosoma",NA,NA,NA,NA,NA
"1019","107",NA,"11198","la",NA,NA,"soma",NA,NA,NA,NA,NA
"1020","107",NA,"11198","la",NA,NA,"corpus neuronis",NA,NA,NA,NA,NA
"1021","114",NA,"10017","la",NA,NA,"membrana cellularis",NA,NA,NA,NA,NA
"1022","125",NA,"13307","la",NA,NA,"systema nervosum centrale",NA,NA,NA,NA,NA
"1023","128",NA,"13337","la",NA,NA,"spatium leptomeningeum",NA,NA,NA,NA,NA
"1024","146",NA,"10317","la",NA,NA,"pinosoma",NA,NA,NA,NA,NA
"1025","148",NA,"10120","la",NA,NA,"macula adhaerens",NA,NA,NA,NA,NA
"1026","149",NA,"10228","la",NA,NA,"filamentum actini",NA,NA,NA,NA,NA
"1027","150",NA,"10571","la",NA,NA,"filamentum actini",NA,NA,NA,NA,NA
"1028","151",NA,"11168","la",NA,NA,"desmosoma",NA,NA,NA,NA,NA
"1029","153",NA,"10570","la",NA,NA,"macula communicans",NA,NA,NA,NA,NA
"1030","153",NA,"10570","la",NA,NA,"synapsis non vesicularis",NA,NA,NA,NA,NA
"1031","153",NA,"10570","la",NA,NA,"synapsis electrica",NA,NA,NA,NA,NA
"1032","156",NA,"12945","la",NA,NA,"endocrinocytus pinealis",NA,NA,NA,NA,NA
"1033","160",NA,"13494","la",NA,NA,"neuron corbiferum",NA,NA,NA,NA,NA
"1034","166",NA,"11602","la",NA,NA,"glandulae oris",NA,NA,NA,NA,NA
"1035","172",NA,"11260","la",NA,NA,"neuron internuntiale",NA,NA,NA,NA,NA
"1036","175",NA,"11821","la",NA,NA,"canalis oesophagogastrointestinalis",NA,NA,NA,NA,NA
"1037","179",NA,"12485","la",NA,NA,"polocytus primus",NA,NA,NA,NA,NA
"1038","185",NA,"13661","la",NA,NA,"corpusculum tactile",NA,NA,NA,NA,NA
"1039","188",NA,"10302","la",NA,NA,"granulum secretorium",NA,NA,NA,NA,NA
"1040","188",NA,"10302","la",NA,NA,"vacuola secretoria",NA,NA,NA,NA,NA
"1041","190",NA,"10014","la",NA,NA,"matrix cytoplasmica",NA,NA,NA,NA,NA
"1042","191",NA,"10015","la",NA,NA,"organula",NA,NA,NA,NA,NA
"1043","193",NA,"10054","la",NA,NA,"cellula plana",NA,NA,NA,NA,NA
"1044","206",NA,"10293","la",NA,NA,"corpusculum residuale",NA,NA,NA,NA,NA
"1045","217",NA,"10422","la",NA,NA,"phasis m",NA,NA,NA,NA,NA
"1046","224",NA,"10578","la",NA,NA,"apex cellularis",NA,NA,NA,NA,NA
"1047","225",NA,"10579","la",NA,NA,"basis cellularis",NA,NA,NA,NA,NA
"1048","262",NA,"10217","la",NA,NA,"centrosoma",NA,NA,NA,NA,NA
"1049","287",NA,"11033","la",NA,NA,"sinus venularis",NA,NA,NA,NA,NA
"1050","295",NA,"11089","la",NA,NA,"myomerum",NA,NA,NA,NA,NA
"1051","301",NA,"11306","la",NA,NA,"vesicula presynaptica",NA,NA,NA,NA,NA
"1052","320",NA,"13263","la",NA,NA,"sinus subcapsularis",NA,NA,NA,NA,NA
"1053","330",NA,"11552","la",NA,NA,"velum palatinum",NA,NA,NA,NA,NA
"1054","340",NA,"11657","la",NA,NA,"cavitas pulparis",NA,NA,NA,NA,NA
"1055","345",NA,"11678","la",NA,NA,"canaliculus dentini",NA,NA,NA,NA,NA
"1056","346",NA,"11680","la",NA,NA,"processus odontoblasti",NA,NA,NA,NA,NA
"1057","371",NA,"13082","la",NA,NA,"tunica interna",NA,NA,NA,NA,NA
"1058","379",NA,"12436","la",NA,NA,"capsula pellucida",NA,NA,NA,NA,NA
"1059","381",NA,"12448","la",NA,NA,"folliculocytus granularis",NA,NA,NA,NA,NA
"1060","424",NA,"13872","la",NA,NA,"camera vitrea",NA,NA,NA,NA,NA
"1061","435",NA,"14101","la",NA,NA,"corium",NA,NA,NA,NA,NA
"1062","455",NA,"13251","la",NA,NA,"nodus lymphaticus: lymphonodus",NA,NA,NA,NA,NA
"1063","465",NA,"10079","la",NA,NA,"limbus penicillatus",NA,NA,NA,NA,NA
"1064","465",NA,"10079","la",NA,NA,"limbus striatus",NA,NA,NA,NA,NA
"1065","475",NA,"12014","la",NA,NA,"cellula accumulans adipem",NA,NA,NA,NA,NA
"1066","490",NA,"13948","la",NA,NA,"cellula sensoria pilosa",NA,NA,NA,NA,NA
"1067","530",NA,"11367","en",NA,NA,"satellite glial cell",NA,NA,NA,NA,NA
"1068","531",NA,"11370","en",NA,NA,"neurolemmocyte",NA,NA,NA,NA,NA
"1069","541",NA,"14080","en",NA,NA,"desmosome",NA,NA,NA,NA,NA
"1070","543",NA,"13326","en",NA,NA,"dura mater",NA,NA,NA,NA,NA
"1071","547",NA,"10980","en",NA,NA,"eosinophil",NA,NA,NA,NA,NA
"1072","551",NA,"10762","en",NA,NA,"collagen bundle",NA,NA,NA,NA,NA
"1073","561",NA,"10365","en",NA,NA,"actin filament",NA,NA,NA,NA,NA
"1074","565",NA,"12944","en",NA,NA,"pineal body",NA,NA,NA,NA,NA
"1075","567",NA,"10129","en",NA,NA,"nonvesicular synapse",NA,NA,NA,NA,NA
"1076","567",NA,"10129","en",NA,NA,"electrical synapse",NA,NA,NA,NA,NA
"1077","568",NA,"10112","en",NA,NA,"occluding junction",NA,NA,NA,NA,NA
"1078","569",NA,"12628","en",NA,NA,"zonula occludens",NA,NA,NA,NA,NA
"1079","574",NA,"10747","en",NA,NA,"mastocyte",NA,NA,NA,NA,NA
"1080","599",NA,"10973","en",NA,NA,"neutrophil",NA,NA,NA,NA,NA
"1081","599",NA,"10973","en",NA,NA,"segmented neutrophilic granulocyte",NA,NA,NA,NA,NA
"1082","614",NA,"10017","en",NA,NA,"cell membrane",NA,NA,NA,NA,NA
"1083","614",NA,"10017","en",NA,NA,"plasma membrane",NA,NA,NA,NA,NA
"1084","616",NA,"10263","en",NA,NA,"polysome",NA,NA,NA,NA,NA
"1085","628",NA,"13337","en",NA,NA,"leptomeningeal space",NA,NA,NA,NA,NA
"1086","634",NA,"13309","en",NA,NA,"white substance",NA,NA,NA,NA,NA
"1087","635",NA,"13308","en",NA,NA,"grey substance",NA,NA,NA,NA,NA
"1088","645",NA,"10839","en",NA,NA,"osseous tissue",NA,NA,NA,NA,NA
"1089","646",NA,"10317","en",NA,NA,"pinosome",NA,NA,NA,NA,NA
"1090","648",NA,"10120","en",NA,NA,"macula adherens",NA,NA,NA,NA,NA
"1091","648",NA,"10120","en",NA,NA,"spot desmosome",NA,NA,NA,NA,NA
"1092","649",NA,"10228","en",NA,NA,"actin filament",NA,NA,NA,NA,NA
"1093","650",NA,"10571","en",NA,NA,"actin myofilament",NA,NA,NA,NA,NA
"1094","651",NA,"11168","en",NA,NA,"macula adherens",NA,NA,NA,NA,NA
"1095","653",NA,"10570","en",NA,NA,"nonvesicular synapse",NA,NA,NA,NA,NA
"1096","653",NA,"10570","en",NA,NA,"electrical synapse",NA,NA,NA,NA,NA
"1097","661",NA,"11083","en",NA,NA,"myocyte",NA,NA,NA,NA,NA
"1098","666",NA,"11602","en",NA,NA,"glands of mouth",NA,NA,NA,NA,NA
"1099","668",NA,"11389","en",NA,NA,"myelin incisure",NA,NA,NA,NA,NA
"1100","672",NA,"11260","en",NA,NA,"internuncial neuron",NA,NA,NA,NA,NA
"1101","679",NA,"12485","en",NA,NA,"first polocyte",NA,NA,NA,NA,NA
"1102","688",NA,"10302","en",NA,NA,"secretory granule",NA,NA,NA,NA,NA
"1103","688",NA,"10302","en",NA,NA,"secretory",NA,NA,NA,NA,NA
"1104","689",NA,"10348","en",NA,NA,"fat globule",NA,NA,NA,NA,NA
"1105","693",NA,"10054","en",NA,NA,"pavement cell",NA,NA,NA,NA,NA
"1106","706",NA,"10293","en",NA,NA,"residual body",NA,NA,NA,NA,NA
"1107","707",NA,"10296","en",NA,NA,"microbody",NA,NA,NA,NA,NA
"1108","717",NA,"10422","en",NA,NA,"m phase",NA,NA,NA,NA,NA
"1109","724",NA,"10578","en",NA,NA,"cell apex",NA,NA,NA,NA,NA
"1110","725",NA,"10579","en",NA,NA,"cell base",NA,NA,NA,NA,NA
"1111","726",NA,"10581","en",NA,NA,"apical aspect",NA,NA,NA,NA,NA
"1112","740",NA,"10739","en",NA,NA,"plasma cell",NA,NA,NA,NA,NA
"1113","740",NA,"10739","en",NA,NA,"plasmacyte",NA,NA,NA,NA,NA
"1114","762",NA,"10217","en",NA,NA,"centrosome",NA,NA,NA,NA,NA
"1115","783",NA,"10956","en",NA,NA,"white blood cell",NA,NA,NA,NA,NA
"1116","785",NA,"10990","en",NA,NA,"thrombocyte",NA,NA,NA,NA,NA
"1117","792",NA,"11078","en",NA,NA,"haematopoietic bone marrow",NA,NA,NA,NA,NA
"1118","795",NA,"11089","en",NA,NA,"myomere",NA,NA,NA,NA,NA
"1119","801",NA,"11306","en",NA,NA,"presynaptic vesicle",NA,NA,NA,NA,NA
"1120","820",NA,"13263","en",NA,NA,"marginal sinus",NA,NA,NA,NA,NA
"1121","823",NA,"10046","en",NA,NA,"branched cell",NA,NA,NA,NA,NA
"1122","832",NA,"11562","en",NA,NA,"gum",NA,NA,NA,NA,NA
"1123","833",NA,"11571","en",NA,NA,"gingival groove",NA,NA,NA,NA,NA
"1124","839",NA,"11655","en",NA,NA,"cervix",NA,NA,NA,NA,NA
"1125","841",NA,"11660","en",NA,NA,"pulp canal",NA,NA,NA,NA,NA
"1126","850",NA,"11732","en",NA,NA,"tooth socket",NA,NA,NA,NA,NA
"1127","873",NA,"14075","en",NA,NA,"basal cell layer",NA,NA,NA,NA,NA
"1128","873",NA,"14075","en",NA,NA,"stratum germinativum",NA,NA,NA,NA,NA
"1129","883",NA,"12458","en",NA,NA,"preovulatory follicle",NA,NA,NA,NA,NA
"1130","887",NA,"12470","en",NA,NA,"paraluteal cell",NA,NA,NA,NA,NA
"1131","898",NA,"13302","en",NA,NA,"red pulp cord",NA,NA,NA,NA,NA
"1132","924",NA,"13872","en",NA,NA,"vitreous chamber",NA,NA,NA,NA,NA
"1133","927",NA,"14071","en",NA,NA,"horny layer",NA,NA,NA,NA,NA
"1134","935",NA,"14101","en",NA,NA,"corium",NA,NA,NA,NA,NA
"1135","942",NA,"14183","en",NA,NA,"cuticle",NA,NA,NA,NA,NA
"1136","947",NA,"11799","en",NA,NA,"lymphoid follicle",NA,NA,NA,NA,NA
"1137","962",NA,"13768","en",NA,NA,"outer limiting layer",NA,NA,NA,NA,NA
"1138","963",NA,"13775","en",NA,NA,"inner limiting layer",NA,NA,NA,NA,NA
"1139","964",NA,"14143","en",NA,NA,"papilla of hair follicle",NA,NA,NA,NA,NA
"1140","965",NA,"10079","en",NA,NA,"brush border",NA,NA,NA,NA,NA
"1141","965",NA,"10079","en",NA,NA,"striated border",NA,NA,NA,NA,NA
"1142","975",NA,"12014","en",NA,NA,"fat storing cell",NA,NA,NA,NA,NA
"1143","975",NA,"12014","en",NA,NA,"hepatic stellate cell [hsc]",NA,NA,NA,NA,NA
"1144","977",NA,"12019","en",NA,NA,"portal canal",NA,NA,NA,NA,NA
"1145","977",NA,"12019","en",NA,NA,"portal zone",NA,NA,NA,NA,NA
"1146","982",NA,"13209","en",NA,NA,"th cell",NA,NA,NA,NA,NA
"1147","990",NA,"13948","en",NA,NA,"vestibular sensory cell",NA,NA,NA,NA,NA
